alpha,beta,sigma_eta,distance,weight
-0.29765450794230425,0.9567154138391608,0.4237217288000631,4.017195764573035,0.0018280423815318315
-0.33955262020410704,0.9653660549959224,0.4399831913112078,3.8739464633736076,0.001908011136036156
-0.540541272374289,0.9619291862485131,0.3285933008188683,3.971190726219151,0.0020604496546651322
-0.47614943365069173,0.9488164930803402,0.43198762119453693,4.417266802809721,0.0015707675882121817
-0.28521375691926976,0.9763736161382945,0.29911836466086084,1.1577878546781482,0.002698027819961866
-0.33074007943862865,0.9679293519672381,0.3955184465501137,2.2628436403239207,0.0018912313156467509
-0.3112413941557631,0.9658514580497228,0.3607123689370706,3.123895496348761,0.0019780978567366697
-0.5787893396372663,0.9328288624180842,0.4734827797782669,3.6863397315289186,0.001669386324768232
-0.6736438110144599,0.9528549812400426,0.48954669774222415,3.8220201357960604,0.0018540776161244269
-0.38327958853230554,0.9524608638880502,0.3591225114705643,4.090648311021626,0.0018157189508135028
-0.5907730574219179,0.9462731149265972,0.40714750071022765,3.8194966360641533,0.001531239139725021
-0.7050357236332057,0.9448029450978777,0.49897800138125414,1.9639798222894478,0.0018680841657720717
-0.47168035140671505,0.953012137145948,0.42297886216454766,3.615500507662354,0.0015833377143229087
-0.5310922396423231,0.9592934437156411,0.39192939856531367,4.104314429209808,0.0016443466222009575
-0.27754703342648185,0.9779340293637339,0.3878788252549079,2.800480090696818,0.0022197641229759293
-0.4627499913862882,0.9413521386939157,0.3796521954680569,4.222190789579706,0.0016730339906417767
-0.890714427655114,0.918380995687312,0.4636650904915217,4.081097110094462,0.0018350955274874985
-1.1377581671747927,0.9251128575903568,0.4397320648466779,3.841257878995416,0.0023020435984919246
-0.5368840865589439,0.9648758778024226,0.4200562992079387,4.544378051486767,0.0017016521279944355
-0.6736311807769589,0.947213581783164,0.42576888664219337,4.372997949472056,0.0015402970685058544
-1.0465306040387363,0.9281273613009283,0.47975936584832785,3.639062867737849,0.0021420326235830375
-0.6830752582105648,0.9258267509327632,0.4738933774874033,4.0855276943129,0.0016964146240978932
-0.4288320102874769,0.9476172895736042,0.435139451941687,2.421674704147871,0.0016156105855465227
-0.770982947002065,0.91803390090027,0.4663327979725124,3.5172042812878983,0.001767471601960208
-0.5221471287047501,0.965112325037546,0.2954384148983072,4.546018681570739,0.002515659453467252
-1.3365345595026583,0.9081999278091765,0.4607182504462893,3.753380275216051,0.0032691134725975762
-0.3554520360402986,0.9674842864095812,0.34629399862153265,4.458124596856476,0.0020232570756949795
-0.6153763545471322,0.938621393250986,0.43676286857804003,2.905549187939657,0.0015195794219855993
-1.3232819250218315,0.9040455874907455,0.4930886068271647,3.6318987793378192,0.003456702030604563
-0.5624217755579287,0.9385884583895483,0.4755016311492965,2.7890828559040886,0.0016666522390652932
-0.3394517623666766,0.9535600798049946,0.4642961243985354,4.146630539914594,0.0018930065375147576
-1.0239080602652515,0.9334458190570686,0.3939296492651477,4.543798610355431,0.002157666168385262
-0.9311604348354724,0.8818114528457304,0.4893467966878725,4.005151919908598,0.003283011722879065
-0.6707207717828462,0.9278876526728546,0.4262913653372488,4.576451836680207,0.0015808711095663158
-0.309645536456557,0.9603978403872989,0.4263055830490725,3.5720361826683185,0.001843513322648251
-0.396770664869478,0.961297433902447,0.3971052622294148,4.131989066558857,0.0017190817127088062
-0.45073139905684056,0.961976371909192,0.48561972757911037,3.5255081967254847,0.0020188353907059503
-0.5625237793396627,0.9414051972991505,0.46634734305175773,4.438986465226116,0.0016145359178799056
-0.7492288745056942,0.9466094819209953,0.4331926330325307,3.9956472588067427,0.0015918638111894878
-0.49052228435626205,0.9605910425402411,0.36801970821375984,3.654616840182639,0.0017472137628005658
-0.5078241987985588,0.947381458767806,0.4074428688454135,3.7746960690355476,0.0015490084221491873
-0.1992007430891769,0.982793769379149,0.3400028421267632,3.068818147994986,0.0026990378909715783
-0.31082699851812656,0.9783748906593677,0.2584457745884743,4.3642695324581275,0.003406354256876049
-0.41138659546262596,0.9471079683496769,0.37125830601199766,4.598646020423546,0.0017303282260102896
-0.6235056950582776,0.9349759283302502,0.48096220099818265,4.004300566702185,0.0016870780698738125
-0.713375510385153,0.9279632460394052,0.4074304180316965,4.4012250296638715,0.0016277967226444158
-0.5625650525791172,0.9613268537195419,0.33808195725703166,3.82960339507576,0.00197531902339325
-0.7781746265918281,0.934662663927697,0.4634649174314999,4.6476497880920995,0.0016395602848425289
-0.7753172315498872,0.9340960210447292,0.464325512092026,4.207632833462959,0.0016411107248455257
-0.4117943692745091,0.9563690534049173,0.4421800123805149,3.632425237518086,0.0016980353136463002
-0.27594374899566515,0.9636814364314977,0.3854473379167767,2.7598235880844184,0.0019341485584635429
-0.20942599947419233,0.9691262977403703,0.3563343589437382,4.510137147483656,0.0022443955507894784
-0.38100987147094506,0.9755411543839753,0.4918533927553661,1.8468601213188778,0.0026082945457362727
-0.14657035026782547,0.987628387721229,0.20580393442507294,3.387916215356111,0.005845010972142573
-0.767773194233986,0.900164768300097,0.4531749227540962,4.523430197937568,0.002171641758134739
-0.10045024254852684,0.9897115133177732,0.2044125938270116,3.5920875335720925,0.0062655306313360425
-0.6586469086016242,0.9329126069271304,0.44795069665540893,2.571745580177102,0.001555307540418665
-0.40746424720377655,0.9758972067916899,0.4710093966743987,3.5782701443907983,0.0023175290358993616
-0.5015936627082302,0.9536897419841666,0.46025259382827893,3.760650461075457,0.0016722399046934428
-0.7196619616260732,0.9536053485542686,0.4956765260353902,3.3766722500342436,0.0019579463176411945
-0.10073012638539343,0.9859955000768504,0.2114237233535853,4.317893312596904,0.005706744673418188
-1.0940842509923454,0.931611449024196,0.4559795565075665,2.0760789785826947,0.002193796381633544
-0.3273455614043048,0.9510781025860277,0.4296350990511079,4.117600594677005,0.0017569737000313614
-0.23143870430575997,0.9732317385862516,0.28974244416729156,2.666073002665853,0.0028490684031237785
-0.4801411590572291,0.9535995807311887,0.3801615006656034,4.243157457413998,0.0016474428081583593
-0.7819283068821278,0.9248740667815348,0.4377936966646375,4.092789839663753,0.0016405830172098726
-0.5780995861029417,0.9440226278634053,0.422005232340664,2.7771011689992697,0.0015141654805666562
-1.1312744767712322,0.918913452752259,0.4480211919229835,3.987845339190259,0.002287291158256817
-0.6577210081462892,0.9602339441386406,0.4827877244053472,3.880814691384736,0.0019193958476420622
-0.2977018892408536,0.978817779944065,0.33113811858741976,3.3532437631956205,0.0024332682755119498
-0.398880756488043,0.9698736068190729,0.3799670300470302,2.1652042477842968,0.0018792787908451646
-0.5610716803341582,0.9629604595522282,0.35998523748269606,4.5473627533666665,0.0018308790795805857
-0.3504098685303173,0.9657806139601404,0.3485440694467186,3.358080618526384,0.0019918084061725815
-0.6989409005331113,0.911902531239372,0.4946031674410524,4.175947895346742,0.002062535304909329
-0.4089751982682893,0.9532678181083336,0.4705177359958451,4.069351251377247,0.001818531772672262
-0.7662137786934866,0.9451932413892453,0.40812361065268926,2.009813583324883,0.001624070233032565
-0.78522062523197,0.9491418300728207,0.4463979193218087,1.6962325222216403,0.0016707435528612253
-1.2891137868876463,0.911931702230188,0.4672363228848134,4.24839539510543,0.0029939779308694073
-0.7724168094032817,0.9408798412014696,0.4558734804305041,3.5050773380341855,0.0016206598272381567
-0.5588064805612669,0.9626030477559875,0.41909538445010874,4.083150911224782,0.00166350549123495
-0.527047584982679,0.956832234653576,0.35419117436110403,3.367800662509353,0.0017939737422248878
-0.5425047175243537,0.9500052138483157,0.40019760097716994,4.2016619162274385,0.001557442860277909
-0.5609474833978195,0.9601747297598984,0.4901579844032019,4.412611841746001,0.0019650568345013926
-0.5116396887173649,0.9547107226394367,0.4657753062024175,3.112454953738914,0.0017066004313918753
-0.5789559622684393,0.9445842946490923,0.436135894401285,2.6489255536735294,0.0015221047027470299
-0.6418116805483498,0.9363037233185961,0.46117245066990753,4.437903265548185,0.0015800762564754697
-0.8569049736747358,0.9293674658557219,0.4715724049997665,4.559383991717973,0.0017540909741579215
-0.5534924747271294,0.9663453489692542,0.4149924720748208,2.841615803095614,0.0017288324882700251
-0.7077517582898643,0.9436993444615857,0.3349088336843262,4.412880145600294,0.002076736018083447
-1.1750227843104997,0.8704870448301122,0.4667249075861061,4.55350715106439,0.004468945382146291
-0.5981613607792438,0.9326335835488881,0.48513326981551813,3.3698633698524665,0.0017353918760967142
-0.6171749895434617,0.9539308222291659,0.4140702508753743,3.449410509262539,0.0015694496690952886
-0.3391052412918196,0.9781082917364606,0.3615633639765575,3.1595501654956073,0.0021920434391264386
-0.400082352534072,0.9552368650370424,0.4989066794865187,2.6928597399720937,0.0021290181837314587
-0.7133288578530778,0.9245531553146679,0.43030271851152874,4.346421516231951,0.0016184999528161298
-0.31978809684675863,0.9719271819494327,0.3465111076767471,2.854109846044303,0.0021367327144628835
-1.057441785863451,0.9143041612585822,0.45361755250217894,4.083328816312858,0.0021315213289873473
-0.34817949538474413,0.9618801599558661,0.3226795148302716,4.183877922410783,0.002160726203761478
-0.3190137982394168,0.977580045429336,0.4383511486308133,3.805480899568212,0.002256060227159924
-0.4606153981458825,0.9635675011672744,0.2830660034110868,4.002609798807731,0.0026671760310340107
-0.6029251639947658,0.9489754264735957,0.34178430711119645,2.436350145635122,0.0018934569236089345
-0.3923759704712477,0.9459435675060315,0.437784302882124,4.493434470094278,0.0016657355762375156
-0.6210757683331293,0.9575427982426202,0.4976964266831377,4.545912760784494,0.001996371600155735
-0.9394240703819798,0.925242686140364,0.49005024591572405,4.0765322954441885,0.0019917480130365846
-0.41342863577971145,0.9505689024108507,0.45360062623376723,3.7677678077410395,0.001699688281744588
-0.8163216535928869,0.9443044933552068,0.47912230324914334,2.5320000329229044,0.0017998721647005625
-0.7267400201109413,0.9517817762123373,0.4475137660327809,4.041803194113231,0.0016420120480194896
-0.7373555378553205,0.9433911483914937,0.4714839382050818,3.9553398956454373,0.001669952119785556
-0.2946533737091116,0.9685321264252118,0.34630124066331036,2.981202015860928,0.00211501073435808
-0.9061936163026849,0.9180783192068156,0.4942422597468024,1.7741355000137673,0.0020300903239352974
-0.44829140298197573,0.9614401325779697,0.37499266446897056,1.9217486674436948,0.001739381226818729
-0.7862611142410709,0.9323310369873213,0.44091670228744534,3.9800067280213187,0.0015999338879368408
-0.4000005023335318,0.9490018392174133,0.438095971961693,4.265549552214336,0.0016586053575623997
-0.20728907924981274,0.9719959493936244,0.315588616639166,3.1248196940820816,0.0025780741945928384
-0.7630495569404647,0.9373267847935431,0.4584934269528351,3.127117664736141,0.0016121397249317245
-0.6740797906306123,0.9492181380849098,0.3776508180702648,4.2959806182741085,0.0016760794191696853
-0.6969270551215456,0.9516110390021104,0.4463720613528256,3.565729999502509,0.001613782266355836
-0.6438846856140816,0.9377017434133574,0.3951456944248254,4.5687352429156665,0.0015810191024901046
-0.3654879296538779,0.961966239499771,0.39908119631689704,4.123818990370407,0.0017578852863014045
-0.8252200687071645,0.9341149268681351,0.48190898937593546,4.4004101253344095,0.0017741675443144523
-0.7895815387766352,0.941451753660276,0.49612766313052814,3.136149421842473,0.0018798274839044197
-0.5783497862377056,0.9426809338008049,0.40679903486605584,4.103574621910328,0.0015307281723029487
-0.7025674282569563,0.9513252134270871,0.43634751723653614,2.8645519870103815,0.0015959053468496407
-0.513732177709851,0.9631603905340945,0.4516607018754911,3.3626137095714297,0.0017560291309733115
-0.7523810002090889,0.9405560959096343,0.42472207083597513,3.2349626511284897,0.00156843605988095
-0.25753888741909003,0.9642775563146841,0.39383561368694486,4.547318089100626,0.0019680854048080673
-0.28374038011436054,0.9814869472563335,0.3408285023726788,4.0143222936052,0.002473203797944401
-0.40105477910039955,0.9419322577438524,0.34190266025475674,4.513847450101651,0.001988008280506552
-0.47282829751650446,0.9538987557004581,0.33296340132183716,4.3581763569946945,0.0019574580804674743
-0.8359833526417204,0.9337262705907554,0.3617056045426958,4.60921708857676,0.002007135566520806
-0.26545118744054247,0.9721225269366447,0.3455931778862211,3.7953889644095433,0.0022291196706147056
-1.4421612407191753,0.8927063518238184,0.41431265287746144,4.34231375975432,0.0047987018174796645
-0.4553566865024181,0.9620255080466378,0.32465591668534133,1.8111797649728618,0.0020811358758728964
-0.2864439850320201,0.9811898359712274,0.3117311514538853,4.574448692360423,0.0026915007418702253
-0.403206787346282,0.9751356794735896,0.3737701865203071,2.1737709700841523,0.0020137464505319553
-1.3463817113945604,0.9114405202797213,0.4577395516354692,4.391933001038662,0.0032962347364034876
-0.4636813083287532,0.9516223168192173,0.3607748040529821,4.466539697718417,0.0017434493263221863
-0.30519930061580336,0.9630833960903191,0.36236739836844406,0.6104255126640391,0.0019492217600264594
-0.2210948712640894,0.9805317535559178,0.3292196483778148,2.6121262656130737,0.0026366437997984676
-0.5615058354931617,0.9387900568405124,0.34754213646723064,3.703252600421082,0.0018758109401708402
-0.5949217473328968,0.9416361779450089,0.4413061733450217,4.280048990130054,0.001524746313904153
-0.8730377354475972,0.9122454820667331,0.4160005610163628,4.381018998279799,0.0019368666217524783
-0.5024339276180568,0.9623808986264026,0.40789757043494257,3.2205469032121457,0.0016629026633452006
-0.777099544729323,0.9346230430069667,0.42407249972681,4.110637783018008,0.0015903000367993379
-0.5809577875473277,0.9483824097912942,0.46967315870469895,2.5182196234637986,0.0016499099618514084
-0.7647471262237411,0.9386697345317269,0.4934150283490964,4.136788047694719,0.001817525536302699
-0.4754090216814463,0.9638162723285795,0.33138275373951354,4.507291933884148,0.0020345656200027387
-1.1253581065632492,0.9275570182202594,0.47640119705539596,4.257098359063905,0.002355681903992646
-0.8110356297281541,0.9114846114526044,0.4072967447967225,3.3112246157343765,0.001946270428651276
-0.3735774243969669,0.9512621691820637,0.311434669533618,3.5302858641555592,0.0022672435452712717
-0.5766972022282235,0.946558644901419,0.47178457572500887,1.2182755742806317,0.0016522325225414598
-1.4405838835542082,0.8890005818946498,0.47471310106314296,2.358554523158871,0.004594105883661398
-0.37654119306828626,0.9742754650797413,0.444872503034978,2.5849076521791754,0.002093759492502279
-0.8071515257915298,0.9090445268775657,0.4650416014650575,4.374217247509537,0.0019408929470326997
-0.531456502069612,0.9394815881504398,0.4567120469979099,4.105713973244358,0.0015920362989345405
-0.44380038797518545,0.9712608295577932,0.37723217805915676,3.256284213230892,0.001891425139562384
-0.45101105866230407,0.9527745718718108,0.4056781683437991,3.853263431633983,0.0015992560318690593
-0.4291235943731896,0.9541386020988138,0.42882831971627144,3.147045921234687,0.0016303984040978016
-0.3912633178462763,0.9508591273752528,0.4134055690583644,3.5636508421043556,0.0016454244364458453
-0.817097988564088,0.937310039452487,0.47916741889007597,4.490400633111667,0.0017555223895391533
-0.49079686719248283,0.9660145841114771,0.3368487944614252,4.350743752632657,0.0020180276791449308
-0.4274971234130508,0.9577502308477482,0.4268045795477822,2.6433702641630963,0.0016583349163006972
-0.4263502202636532,0.9544883375292351,0.47690083205457817,3.9123633351837563,0.0018550087416190565
-0.4709361282999227,0.9547643908067165,0.41034913972024367,3.997333763445724,0.0015941399446801957
-0.7338889441785074,0.9374680456053419,0.475737123771573,3.3171962251519345,0.0016695837605025128
-0.8337798560175258,0.9401954042946651,0.4943207716513453,4.195785555336145,0.0019055464605785756
-0.4380666941780972,0.9573462814929046,0.4458740364698125,2.7261089974549395,0.0016942080324119633
-0.6710532024949729,0.9521710592551195,0.34586697088963936,2.0892710457220907,0.0019223080200800582
-0.5544122599550392,0.9397650732830688,0.4902202707315468,3.475556984262661,0.0017770975334878462
-0.31213012006221924,0.9755015531964515,0.33290868469539586,3.2446416986321576,0.002313532106935776
-0.5409284732118211,0.9440575375031027,0.41746997500497507,2.7561726409453873,0.0015247153648164117
-0.8970686329809321,0.9131458116497414,0.4351325599110643,2.783697323877075,0.001890851528565137
-0.8574800004211881,0.9388001330952386,0.3499335478118057,3.958457171558021,0.0021689498157451007
-0.8799926949071817,0.9269400569390637,0.4918008434021135,4.549547460769471,0.0019156120268820174
-0.48193849417996326,0.9499912224053962,0.4645701457242164,3.534907595529752,0.0016801648353764456
-0.891823193811929,0.9312999784687611,0.4977099744204972,4.644631878973009,0.0019786533324294723
-0.8350848644225896,0.9258839782557047,0.4709419972010567,3.042023371570939,0.0017441233308229422
-1.0433544558969219,0.9288991473777123,0.4340470211240026,4.651929861844261,0.002025906467302498
-0.7183337541295396,0.9433918714586815,0.4995163321547924,4.455772558079307,0.0018697880924001939
-0.917451696379203,0.9250043815675341,0.4987322761412191,4.582447467944223,0.0020342188963914866
-0.3933469524329179,0.9540170605899009,0.38556216740913013,4.1185915515365625,0.0016936334241818738
-0.3219954435406216,0.9796470066894292,0.39960895410652075,2.124167986103202,0.002202051419667103
-0.6504441027151078,0.9579463999034392,0.4851131813861936,2.3062002360294507,0.0018888195728072332
-0.6781726078671942,0.9560452244070277,0.4219184255538803,3.5620413001790303,0.0016224100252918618
-0.6019390568313172,0.9552793285078593,0.4137042084863999,4.192500369499444,0.001577857522734146
-0.6059142572434366,0.9292685153465245,0.46503435911207525,4.02381853823895,0.001642058022150043
-0.8653629354958268,0.9202203492469121,0.42017610361833474,4.402714433199155,0.0017841692722687136
-0.6250471946560088,0.9469500716875933,0.38362060109468776,2.768319639967065,0.0016112936100943596
-0.7389746050667036,0.9084120065287857,0.44706413088252767,4.407841572855428,0.00191384852725296
-0.5935270533119807,0.963315957641792,0.44648395486926257,1.4251819928491627,0.0017375650013001119
-1.2909506186599027,0.9087837834994292,0.4405930801617139,4.3684406645705405,0.003031141162753474
-0.2578172204501079,0.9625532015463916,0.4041117356077579,4.530704479967118,0.0019442786837841888
-0.5936285157626865,0.9364661691383912,0.4899848547697647,4.396728382252826,0.0017592191097623592
-0.46543135336056984,0.9518514382716039,0.4529316961847236,3.93262844806926,0.0016501747128865399
-0.565285257608586,0.9460746227469913,0.4918497504150841,4.4674791642293785,0.0018019615444034372
-0.3529876272323901,0.9616902668599134,0.3554846227316483,3.4919992834808666,0.001906711687645566
-0.9286788334417807,0.9233950877641591,0.4990694176332821,4.225455507817118,0.002061417406459721
-0.5411690490667281,0.9516987992415726,0.3984446201656898,3.13755819496343,0.0015685734262941731
-0.6354891123473341,0.9270082082928406,0.47447911427690653,4.547696137553299,0.0016971434639112234
-0.23458832417448933,0.968625928282992,0.2766070232483967,4.145130046514133,0.0029906253892804666
-0.9335839660958092,0.942269183109803,0.49900410121992667,3.3650370316899756,0.002151093465401853
-0.33956445761828535,0.9740854873776066,0.3545924292720342,3.828057919481713,0.0021163756780293364
-0.39628553317662746,0.9536491658305382,0.4754080577972999,2.421463952201498,0.001876759810117931
-0.5417598652955318,0.9583048336625762,0.45628456424255526,3.3481779906843987,0.0016913324519962217
-0.9228061129856517,0.9381444076635503,0.3655767051686876,4.567838895217823,0.0021444404921960743
-0.25401576897134404,0.9810829438234724,0.26626249299548743,3.9705834089857253,0.0033885628718631944
-0.8463646445689283,0.9421443895364648,0.48957626267517224,3.5229084927596914,0.0018981889813577623
-0.6627164339808947,0.9576128603858993,0.43507862183549467,3.2487340649411633,0.0016434229138066589
-0.7374692603985901,0.9379195811365078,0.34405248959600726,4.642849220870016,0.00203009976295119
-1.16372438926157,0.904067836752466,0.4434998368092127,4.310229786116304,0.0025888812540957274
-0.8845569815692513,0.9213158685198977,0.36578585270957775,4.339668791812117,0.002190169239130029
-0.374788871797856,0.9691528278711622,0.40513824916229746,3.8158367022469695,0.0018568771053829208
-0.8313674426172579,0.9401364246020901,0.41043683239998596,3.257715788592321,0.00167886973035222
-0.5475620200694906,0.9453060247923012,0.4146311269628585,4.347440525424018,0.0015250653416159687
-0.3876015070294233,0.9569133703839917,0.376381085264889,3.181102839140116,0.001742052815855682
-0.8457598130801357,0.9360968806589341,0.4790136541108294,4.619564738471535,0.0017834893016180338
-0.33183660529825454,0.9759418409052011,0.29535522390016805,1.5180989439657542,0.002686637255768924
-0.4430153395738563,0.9623468518708415,0.3802073804294116,3.7600606166080532,0.0017342847422356024
-0.38980449849978877,0.961394854592539,0.45209670535709456,3.6499210001164317,0.0018263075903976668
-0.5322566965529574,0.9685183167269379,0.44171965709765304,4.155731553006626,0.0018260104045876963
-0.6387366119181609,0.9485955534914173,0.3952811869620893,4.0703669809685294,0.001578226922297306
-0.34210566682451404,0.9734987129954796,0.43806512921638213,3.953011159406359,0.0020837753038419867
-0.3982552505783773,0.9393532070771363,0.4606996203905724,4.536048404098737,0.0017581837395755728
-0.6814443285102545,0.9417012772257171,0.4619587407170131,4.238416157483577,0.0015901387041607094
-0.49421488569204286,0.9582417279292035,0.4196291456769266,2.9430870222534473,0.0016136000177918444
-0.3660783059924144,0.9649857185661961,0.3600523479591425,4.3892082648184925,0.0019032528463980333
-0.9214687039172943,0.9309583505259077,0.4538957096903002,2.1469538958195735,0.0017800727339754715
-0.6707081915277512,0.9209983083273079,0.4634994660133101,4.313356930131105,0.0017106705089978101
-0.4757393206963354,0.9366436297932668,0.32398328206113813,3.871343271205627,0.002208342065638786
-0.2405801906284392,0.9797777313253826,0.3640528367378925,3.345788956984798,0.002393847800060187
-0.617155740359358,0.927810227328488,0.4895013789371805,3.879842390235019,0.0017965597126732805
-0.4215745266156008,0.9640343424136956,0.4186673329728442,2.6263291305484735,0.0017315318876909341
-0.6948265563219362,0.9449789253466591,0.4699334511475085,1.8856867272693856,0.0016465630968412568
-0.2860215931402914,0.9658144043992576,0.41244236101715537,4.153338821841792,0.0019360604165547036
-0.3758413685355622,0.9594089506306454,0.40983109374276655,4.407048542393531,0.001714377573054652
-0.7982305823364395,0.9422405663109662,0.440106262468373,4.550045763432861,0.001620669936631986
-0.3766560576740726,0.9622457243124861,0.44100683213666997,3.7737938877243926,0.0018065079536952857
-0.29413208850645906,0.9651220468612055,0.31265609313010073,3.118186497299177,0.0023550419323061507
-0.42054063131398095,0.9623932419335426,0.4688751595355079,2.6669598589518446,0.001910992828413195
-0.21541951648071098,0.9829728228252529,0.2881817958478284,3.5287622394232425,0.003160170164574538
-0.34458951920654685,0.9580538830892945,0.4345657446670712,4.14079876748978,0.0017808240215943438
-0.8563318720288847,0.9294284214129015,0.4068659591840899,4.324892090930034,0.0017381240893955627
-0.4107089423134469,0.9674303618538534,0.3457282659962123,2.824395222447829,0.0019852903748829743
-0.6170418651741998,0.9563291788978198,0.40976940766656206,3.4215786894829496,0.0015973898367088108
-0.42399481392904803,0.969027493333693,0.4461190813752745,3.968233196032998,0.0019057691119943579
-0.43653843524622965,0.940930505158919,0.4796382631284089,4.407782524125161,0.0018111811093956605
-0.2290601198408976,0.9789083775153233,0.3214858558772226,2.8272840620750177,0.0026306212183169315
-0.5272225255249252,0.9603124909785702,0.4688818865654592,3.4052033249253566,0.0017972887555931215
-0.3662498451974296,0.9524030954842306,0.3940187051158019,3.292580649268651,0.001700621034640389
-0.4810353340589663,0.9488714478207264,0.45475906302600644,2.3761164013822724,0.001628784376433676
-0.5054296639981718,0.9477615555676667,0.41720553422527706,4.259069426626921,0.0015426151462973336
-0.7610853842376157,0.9371338930890556,0.49874597837131024,3.139841190986096,0.0018583369549606907
-0.8005753892718878,0.9236336592081521,0.4220455786026172,2.9368811198233784,0.0016813311780539111
-0.9437711211228685,0.888118527896552,0.47980880997842,4.558936501914091,0.002824126618759619
-0.4911540163905738,0.9626093798231278,0.2987476140876749,3.9391562980683803,0.002414606932689097
-1.2016452925354209,0.8966579382739585,0.40473615840278565,4.214162075002164,0.0032303996612287737
-1.1180491301760653,0.9263918426011751,0.4449309061632747,3.5706934573480757,0.002234496035502451
-0.6840678942091564,0.9509744154959181,0.36706942294521433,4.623994547485766,0.001757713305660107
-0.36918610118495665,0.9576439177490641,0.2988376892377315,4.506852382354293,0.00241592745145454
-0.3886920618486538,0.9526212041733374,0.3613568771644438,2.3294586345915436,0.001797247141721585
-0.8142179422360625,0.8772587396031154,0.4944745475652522,4.31335582604143,0.0037844239661250882
-0.2717331658284262,0.966220414517914,0.35026825634408243,3.5221541133943313,0.0021000533809622923
-0.9011653415078594,0.9236659669854413,0.4453093331754253,4.533933760385022,0.0017649351432795694
-0.7173670396459657,0.9083128574364737,0.4920121698113639,4.558802151524376,0.0021238269241386004
-0.208157720245976,0.9832264076113882,0.2711247425458684,4.488696166263182,0.0034592513500555535
-0.19516036658299354,0.9811573379238768,0.1870272679298819,2.7730086314989175,0.00642128900707332
-0.6002393730374134,0.9374508376338703,0.4060685945940879,3.6397223134329946,0.001545648378472851
-0.31167626724690733,0.9531987252722166,0.41166076490646625,4.506302099445242,0.0017719161499080201
-0.5259880350603956,0.9386164039519637,0.4142025558515762,4.36999135340236,0.0015481856139471584
-0.3938674885292064,0.9641498729056871,0.4677823130563251,4.296866199873488,0.0019694272527775556
-0.5298430562963989,0.9332596440766624,0.4157171611461972,2.889737445327168,0.0015818802190049374
-0.38444278542084337,0.9670671558343432,0.3719311035462267,4.0018317805527435,0.001865954355152642
-0.4980851908882664,0.9676162402589286,0.3605186737847098,3.712979443931153,0.0018834215118713482
-0.15904803529856854,0.982447277408353,0.44852621254583935,4.552016788897504,0.003036345319316546
-0.7894489637092544,0.9369134840424226,0.4508801010000544,4.027375683271501,0.0016126596579459642
-0.786118211005216,0.92767068979521,0.4690451938049205,4.106883799495707,0.0016886156065116411
-0.6476667699765768,0.9283095042145243,0.4943637640669287,3.116703095761154,0.0018206767772183195
-0.22885598337192234,0.9693208580462581,0.4410402304969459,3.7244297950686125,0.0022409209811629404
-0.461633027456916,0.9352712143907355,0.46426856487394436,3.7392481680211307,0.001709609717009922
-1.1025930651449798,0.9147274935023151,0.47469216739239356,4.117995835054046,0.0023012247580208507
-0.30672291957712666,0.9725717012713162,0.4580697095001892,4.127038076255368,0.0022526727923406465
-0.5767707091108801,0.933345835285837,0.4759670418667921,3.885067065820905,0.001681645236873555
-0.8355547900533059,0.939194478696929,0.47059945691021904,4.589891380637418,0.001737446391149512
-0.6738953051260934,0.9528982594016524,0.38787822761204327,3.453932609315671,0.001652886827260341
-0.47210296157925424,0.9541710748523232,0.36383636551714515,4.105658199820528,0.001728268837272506
-0.3629327391181242,0.9504848784725759,0.4046623704756185,2.656604687072458,0.0016866131102247388
-0.24754709605436717,0.972175034769264,0.36846735597600067,3.321226351084805,0.0021661941870174547
-1.1761930976470216,0.9252896939638359,0.47489811682553906,3.4199160451408495,0.002521858318998478
-0.21253929527208074,0.9755334362194161,0.22676704146015658,4.545606897403597,0.004359463040873139
-0.2783164435895048,0.9646611548774731,0.3647558937062356,4.175759755168215,0.0020008875271853785
-0.6118628533152725,0.9507152113146686,0.3567962282364664,3.179568599694815,0.0017733308833219274
-0.4474881029306042,0.9525329455521523,0.37624957916026425,2.7869586466425473,0.0016761821722734661
-0.39286362893927546,0.9701187574199098,0.43369602619641423,4.326102461836152,0.0019103355984558387
-0.8500220857213552,0.9398225108546916,0.4972453833117496,4.331003447431949,0.0019524456145639559
-0.6814137804007645,0.9486276456324073,0.38634501396658616,4.54195385477783,0.0016368941727561996
-0.6678797466280822,0.9333987013586748,0.4335106546517516,4.4473183098485185,0.0015379692004160908
-0.6141820795248372,0.937990851163769,0.45527163313822466,4.471582683891155,0.0015586926820935494
-0.2811213796987622,0.9680499161486591,0.3804334611899557,2.985671375642084,0.0019943217393887406
-0.5929804835145768,0.9401974861702956,0.4312302145662484,3.891785036335534,0.0015149850152013568
-0.8074113880567338,0.936056228585886,0.45773134940205956,3.913895781852213,0.0016459561247521872
-0.3292347087463675,0.9696322679889081,0.3727137918293536,1.689710480499995,0.001965919375176972
-0.2521098565674107,0.980463591523675,0.4382765533179006,2.291466831947743,0.0025189353152145263
-0.5674732711065372,0.9497150597238104,0.4976004357041547,3.9234569415176934,0.0018851977126245786
-0.7256199086241394,0.9337989338777878,0.4265073667480774,3.0512678265730817,0.0015561881435711836
-0.4383422314653842,0.95676030610733,0.40287311064677206,2.864474166386071,0.0016355944166355537
-0.6039349210672926,0.9549640423897997,0.42315231655164254,2.9238634949184945,0.0015735708932849031
-0.6603664530090884,0.9331435107766382,0.39025246752174797,4.252590931044792,0.0016338128523176764
-0.9119887483040742,0.9318194844498727,0.489594586714215,3.3642389157314745,0.0019401077553660758
-0.7990947299403333,0.9435925600348156,0.404225937185382,3.3391537817617407,0.0016668457414119513
-0.7003878981694412,0.9273890191715579,0.4448494877055287,3.1807122027509314,0.001592101955383
-0.7363131612047825,0.9435753376018775,0.4741457593596654,2.9091059046965655,0.0016849758466878236
-0.3667401464921349,0.962558020349037,0.39973532511781756,4.3062791956201965,0.0017628160715968592
-0.7664174912421028,0.9517330918019811,0.4389680772913882,4.021556835986797,0.0016648471550454592
-0.5429050376685738,0.9537705010948286,0.44430043374253253,2.7989976844869915,0.0015946313929573622
-0.9155586592795991,0.9412992527543472,0.4034539815933064,4.650058190360991,0.0018571588726112801
-0.6534233528812854,0.9492174471593483,0.369183360160996,3.0179579035285875,0.001709561724829661
-0.42027246158265924,0.9619500212193554,0.36948933895778513,1.5736956434574438,0.001782132262200565
-0.4546788422593294,0.9625618810193809,0.3800327685295552,3.853891035575222,0.0017319916065702615
-0.9259713912054944,0.9299675082122891,0.45811288415622187,3.3788596727393334,0.0017977086541240781
-0.6499321969765721,0.9375932751855893,0.4600145168487547,4.448041191207494,0.0015736310155642472
-1.293397042315097,0.9079614261368245,0.44522768935832013,3.0739926611842874,0.0030418068752042374
-0.975469728509071,0.9215350875423107,0.4739958015497149,4.136992453804119,0.001967252350303282
-1.03671176686418,0.9271079056972724,0.48578940211312366,4.099868860441357,0.002156575030738686
-0.6135001265178573,0.9264004636326435,0.4657953442847613,3.3108048650809616,0.001670355775973869
-0.4086225535865418,0.9612915170393423,0.4634222903973608,3.189967478515362,0.0018676229345844413
-0.7365197618575569,0.9436402601450872,0.4508374889744,4.212508620269502,0.001590637176489146
-0.9140910983070838,0.9093410009792185,0.4493250493602967,3.9527648279293057,0.001974600489056312
-0.5929441439105797,0.9424088463159295,0.3496813169515824,2.032304897905815,0.0018321189008882652
-0.516102888697519,0.9414895357047608,0.4451773541303401,4.393422432646126,0.0015631500352765626
-0.14203316763586243,0.9828062239933493,0.3842558629881849,3.465615242113676,0.0027717155832526815
-0.9876362022299492,0.9153508830463664,0.481988682365131,4.291010455226539,0.002086703211761498
-0.336952513548496,0.964597673242829,0.3202836765275275,3.6731599030048225,0.00221634667437997
-0.606624215104442,0.9483434531655162,0.3806340715704729,4.574303900345085,0.0016216573296543033
-0.6287963938835456,0.9616444591564492,0.43471723211657476,4.0530349132279575,0.0016882508310151114
-0.32428792531032424,0.9565463181315581,0.42537004772076975,3.353762158627394,0.0017801897894260269
-0.44829832229673233,0.9718707074642258,0.42091558796880824,2.089421842522586,0.0018752040884955578
-0.2054585763750103,0.982795011989968,0.24214308465668744,4.038549598340899,0.004100302108137599
-0.4972937540989412,0.9342000907483248,0.39153586140250507,4.295491570250141,0.001658260944521956
-0.2652850079298027,0.9660100905034478,0.37869904447727376,4.079293493756656,0.0019980593878991685
-0.8148563358394056,0.9385273882726468,0.43368771062993755,3.2481067896516405,0.001622175389726973
-0.3023288724041653,0.9693847205285101,0.2753624513672889,2.4010619346782067,0.002909225378521784
-0.40904361250917615,0.9614536400407712,0.41067415400939156,2.976337449808998,0.001701960187471314
-0.6915575245793806,0.9540041331228659,0.41538596225526947,4.233716592779011,0.0016115586355149062
-0.3508896807821901,0.9624538520221709,0.45294333971261164,3.5383207510164234,0.0019043170852861048
-0.38032039683316143,0.9618213256450484,0.43879403461126587,2.9084513253075817,0.0017875025585686218
-0.31106542174918705,0.9503088442657396,0.394253670715819,4.607974125119305,0.001785268414136184
-0.8926490671009463,0.9132283265425418,0.42868427177658736,4.632252377459201,0.0018965458999122965
-0.384664914510166,0.9607999084549155,0.4772845831008211,4.230968419062885,0.0020017902337742806
-0.322913461522785,0.9682353694462491,0.4281344437859411,2.6786669579722786,0.0019469421999093516
-0.6653470298728633,0.9464612941028195,0.4995867838779484,2.077070816427107,0.001872591980894347
-1.0219715692873599,0.9292283571800988,0.3533998742220782,3.90814301805307,0.0026511990935432815
-0.31624748107941386,0.9547894521172945,0.425251586948525,3.740735020725902,0.001783326054073282
-0.4510235419483508,0.9579958173579848,0.3659377089072975,4.076500832433367,0.001746763837915474
-0.642598224853492,0.9493133033912736,0.4396151075772783,2.6697112863492976,0.0015525731105226466
-0.4107674675358438,0.9675729359100514,0.33031997380087075,4.572659779490584,0.002104403235755199
-0.5289886694680045,0.9310123281116628,0.4249049471908606,4.619714597029776,0.0015966995036800027
-0.4330872732145788,0.9570909421370225,0.4847498205595266,3.1765842154834525,0.0019472227942013308
-0.2573663409713964,0.974269192496128,0.355957167517203,2.9043871515480055,0.00223745982695853
-1.2990026758711337,0.902497884103069,0.4467780795523639,4.075288992980759,0.0031657218295088143
-0.6298837475856475,0.9485144585916059,0.39839567814445564,3.878375182212179,0.0015653160649769784
-0.5806488426425558,0.9459926684082423,0.48587094925467456,3.4548688801000846,0.0017449699268150673
-0.4653414211246867,0.9550479677888808,0.4797213609982883,3.4619274981060295,0.0018411955444843345
-0.8647595404854842,0.9400225939795541,0.3397403220470471,4.4137653409946775,0.002328759711790426
-0.5757484170289346,0.953333669001161,0.47755515843185303,2.669021112390675,0.0017458822501346565
-0.6681274969117261,0.9531574431335139,0.4186596567046676,3.2204873831403065,0.0015837303187285965
-0.7180987967135178,0.9388638803852198,0.4813867274542558,2.0867067065462677,0.0016986192763688696
-0.51357689742323,0.9304510130234553,0.4635897088018028,3.6057157558200443,0.0016899771544638357
-1.0876278282276954,0.9292276527826278,0.4703442996060229,4.276510697599395,0.0022097162913318545
-0.38571275809024796,0.9536850839862937,0.4114962545652051,4.505165418877632,0.001662064591682811
-0.7135121299941125,0.9536679371096215,0.4205154235031353,4.525733210518393,0.0016233801281785416
-0.8116660511509664,0.9398232286378841,0.4053015065504007,3.543895724330102,0.0016674755635770373
-0.8504975353680163,0.9438902662017232,0.4542912436142271,3.7610791213490185,0.0017271937330448563
-0.8445024342187833,0.9251348701585879,0.45251310977475434,3.569250723380723,0.0017000098437597437
-0.2534050177834845,0.9656318719107508,0.3680310825657044,4.221420575793862,0.002048526784472482
-0.8705566388543169,0.9338858690419991,0.42730770923842426,4.366326849918158,0.0016918905726880902
-0.47832021813109754,0.9342702984302594,0.4784242119531307,3.118865775170173,0.0017794647913438604
-0.32603693438480236,0.9569082658428514,0.4053220363926366,4.21884806222263,0.001764805285481991
-0.46947558096432745,0.9639053945362926,0.3913978642905649,3.6852728566873285,0.0017147623773625799
-0.6688768422713259,0.9491646907832341,0.4095325138898261,3.8246584545155407,0.001562402915245889
-0.7379229544076524,0.9377399508098013,0.3500724108356041,4.470588962712424,0.001962345911936503
-0.8389025913795913,0.9396258224618367,0.4879136088549469,3.6171450147975297,0.0018540995117672708
-0.637900805106421,0.9481773374890116,0.43737971078500254,4.052735742485023,0.0015404306503014583
-0.2863821675202596,0.9702470917254096,0.40283357692622934,3.840089525613468,0.002007414333836801
-0.7156922131770107,0.8935426875543977,0.4873267464738532,4.6087249398703225,0.0026621797550764534
-0.29465528737449215,0.9647421849961223,0.31495968292072674,2.326051145018978,0.0023267087456229087
-0.30019405630962187,0.9720402182533717,0.34444514336024873,2.633282709724805,0.0021776313298688395
-0.4314146478516978,0.9669001415454281,0.4145226931232334,2.4813732883260524,0.001768783859484273
-0.5056506575318477,0.9462138642057039,0.39601300841763054,3.716994216754205,0.0015719739994570895
-0.6533244398563729,0.9500082545751729,0.4376935481797607,2.5642262436969956,0.0015583546649799108
-0.7815866249743536,0.9411670960174601,0.4234617948126279,3.780640040472204,0.0015978494892837042
-0.4423021314457576,0.9559999745367047,0.4892568679698879,3.5980176532035406,0.00196612786900696
-0.3812699057293578,0.9679580720478143,0.39454988663995866,3.801669324796573,0.0018322676104843276
-0.6673155767842411,0.9546160221007799,0.36533347195370297,2.0943551872135555,0.0017798124366275403
-0.4468657884207175,0.9556751182605433,0.4843293091474935,1.774141830929637,0.001908299744699319
-0.26060070060449436,0.9732906199103674,0.27269393736318376,3.1852787248954786,0.0030690622630523408
-0.6287512735916005,0.9553112351964019,0.4796237330197065,4.290122924553724,0.001790742739929279
-0.24482054313262308,0.9651087781869089,0.4053969658861843,3.994636143195283,0.0020073770045346273
-0.5106968378020379,0.9561017240669178,0.45787901652803414,3.0258192581098804,0.0016810328956148785
-0.41806787747053853,0.9637285268619986,0.34372458427951313,3.887692102668579,0.0019468859065410902
-0.7741223277020832,0.9446463256087133,0.45861818251366293,4.545169610994669,0.001652646773976163
-1.4244972396061384,0.8948622615064155,0.4921300217116862,4.602858340188688,0.0043695601952557575
-0.33983988754075944,0.9532305450003479,0.4422238861780814,2.923866130627775,0.0017778134838232773
-0.24332278891402004,0.9670845087905128,0.32434451357177874,3.1909474306848504,0.002349646808969737
-0.5896563027687353,0.9547409851891326,0.41464052702679116,3.301457272664907,0.0015693773172321718
-0.7800385023376124,0.9425458694308987,0.4966578764540706,3.620614021523057,0.0018836988063987796
-0.501051834811268,0.953829720663503,0.49665472380705866,3.4878281568422254,0.001958558721666232
-0.9411609076620727,0.9400070933671296,0.4525544440229407,3.977863537939329,0.0018507909332996031
-0.7611207026018953,0.950712368843007,0.43666156594950617,2.846961670751981,0.001643868177864661
-0.7190990338238169,0.940600326070003,0.45810733080743754,4.591682689465237,0.0015892851797538984
-0.40615060513694295,0.9540109882940324,0.45848955323765705,2.7631505607832656,0.0017543410922422585
-0.8905454320953452,0.9398093352977303,0.48855744437294857,4.049103006852889,0.0019388509458811603
-0.9721289330312142,0.9304745353091843,0.3987006695807827,4.4902870765749405,0.0019849356440548873
-0.5708806290120831,0.9628167695039664,0.40990537717591985,3.909299446597321,0.0016697817082750733
-0.44745426101291963,0.9422164041577016,0.4533626988617752,4.420001789804511,0.0016475958355855116
-0.920095712485431,0.9211176074725747,0.4857003953723954,4.558506500864956,0.0019535383334343195
-0.4950545241040394,0.9437122567133452,0.3718789923438417,4.445893126833684,0.0016785790811369476
-0.25155709083844435,0.965993278423586,0.2743093002135989,3.46151499909004,0.0029815301727869658
-0.7735036960407686,0.937625290627691,0.4942580008082791,3.728715065326687,0.0018279621154496128
-0.3865785454737807,0.9617870493088838,0.386805328995504,3.7565737213387242,0.0017520822116956435
-0.40229437416244995,0.9744522145995447,0.3934467219326962,3.045943195433188,0.0019580769067585008
-0.7002868695765183,0.9572736355437784,0.49675045399236617,3.7887825652707288,0.002024228343688008
-0.5022154700753758,0.9512269434969445,0.4706818990438146,2.2248844520629687,0.0017093356183915396
-0.6633271356971902,0.9412213065767459,0.44865845028330986,4.314469993238043,0.0015424623052698733
-0.933590197663476,0.9249497844720185,0.45416555151302307,4.002237289526425,0.0018142018316552003
-1.055966806514963,0.927428280633132,0.4738999135821832,4.624800755784019,0.0021307623016836533
-0.58474862036958,0.9598498905556444,0.35547547180802896,4.579739007095675,0.0018333169703960352
-0.6697761901398048,0.9491399876944496,0.3402237352678472,4.51355005271073,0.001966145448606611
-0.49569170829487075,0.9460956116312745,0.4018367534811148,4.206979072285488,0.0015636038837618523
-0.7618166807479076,0.9218118662654674,0.46592605807104637,4.385140055854797,0.0017142035828417656
-0.6798623404173995,0.9422833637260664,0.35826097336171,3.567668748355881,0.0018048272772710234
-0.903145893220603,0.9209977886961727,0.47692046421276757,3.9003814655353684,0.0018792952624012383
-1.2273946639401352,0.9122184888061303,0.44742156632703317,4.283250314114445,0.0026838752476946613
-0.6624298238207833,0.954834465322159,0.23776496450287202,3.459329131054547,0.004449299050757031
-1.192193538091962,0.914729673024669,0.46652106526714676,3.397733924739397,0.0025503366323261344
-0.985229443545161,0.9306478308325271,0.3879104828428872,4.510334191846536,0.0020959130655174713
-0.5719418337308118,0.9445395167759073,0.47976109418665375,3.703584335030145,0.0016956107718153748
-0.4693666500978908,0.9538292499288544,0.2702093671933454,3.620942085786429,0.0029409046989750543
-1.1332327709854042,0.900965476874475,0.4691962128331773,4.403116153252692,0.0025951791131575436
-0.47923101172652155,0.9356145432725077,0.4249157162509165,3.120962625552205,0.0015954429632260246
-0.735190243904593,0.9200316916281728,0.45413768110607333,4.025567559722678,0.0016953775953555583
-0.3576784472725295,0.9594361324801051,0.38614643551119743,4.379924069465362,0.0017634598926399218
-0.16339438401851758,0.9766974045895501,0.31377900705120215,4.091626881058329,0.0028114351933488835
-0.21318947565972762,0.9699225310851404,0.3954195591950652,2.192743482406941,0.0021641463728990233
-0.9441746359378557,0.9333449805906404,0.49126130075155755,2.7219663728380863,0.002015953775396354
-0.3763786210599536,0.9610339729990838,0.4346032952311488,3.036529515415896,0.0017684469041292978
-0.8877272391795419,0.9291098687714171,0.4550898683366653,4.550095794627501,0.001735484636237681
-0.43923831852945366,0.9622376715395929,0.3411184675238415,4.093626047374302,0.0019417051568124367
-0.3463174568280162,0.9498047123524412,0.45483529222913405,4.196153900638535,0.0018060098233935581
-0.3234909766921936,0.9719068761087405,0.4503504784264651,2.4755623586442996,0.0021415099321770827
-0.4307793366002673,0.9739502599939311,0.35960647834587267,3.930992233857013,0.0020270035122398515
-0.512438596298814,0.9485690876751167,0.4159268990349548,2.7389235580694824,0.0015417914912031593
-0.4510558696382262,0.9503448578638877,0.3765272799308543,1.5077897631269812,0.0016690898938631358
-0.6297708457072817,0.9476960146773171,0.3414439213536271,4.371932076053906,0.001914644892465253
-0.4024529197378079,0.9622858000138593,0.32069953403416385,2.7526304272742026,0.0021402473699320243
-0.6598500022039947,0.953517163390865,0.4184717465023484,3.244246927724091,0.001582393190675
-0.13469011910576317,0.9789801380047166,0.2706159640312874,4.148657759085806,0.003551744588715887
-0.7001167239142234,0.9100660788560273,0.4241429774802479,4.650420815775858,0.0018969413654239165
-0.8581428911614741,0.9219639428072102,0.49215773475697866,4.147492963083801,0.0019242427143777937
-0.81813072949813,0.9442203551876532,0.35030985900836903,3.489989141552921,0.0020804592844087086
-0.2373059153586603,0.974094443926678,0.3908495498209079,3.9857232126949804,0.002196901411615989
-0.6508979037987492,0.9208722308172641,0.4518102330374517,4.500613704521392,0.0016846773195456038
-0.40700280398083644,0.9487656355314963,0.4662559238243255,2.976543052149607,0.0017668215716928335
-0.27154749104758213,0.975795514416659,0.4160752343497686,2.1864876047503525,0.002198331565532361
-0.7045821542463436,0.9465258510895169,0.3876748180768644,3.9757270858801474,0.0016407093381569466
-0.4827031595298562,0.9608194655689344,0.3046260066370395,1.3121080260368296,0.002312585264768241
-0.6667246825144805,0.9387871459228176,0.42148732302544056,3.852113981475853,0.0015236860468901296
-0.8911721596847567,0.9205300388276076,0.4286796231639956,4.081546696538815,0.0017902852779474589
-0.2030783207124361,0.9843125116758754,0.3148974932659112,3.6939485869571653,0.002930876733004175
-0.7052692265475662,0.9199687013267657,0.4729934605501712,4.335859660292436,0.0017607923803973757
-0.7610299487960072,0.9439663901842077,0.4731130042121928,4.268279723562766,0.0017012800947844842
-0.43570921483185615,0.9404063140271763,0.3515527556752822,4.064580697532266,0.001883772717479156
-0.4004764084886393,0.9737021997456676,0.3500878648337016,4.2268896261573845,0.0020835481192479294
-0.6035779464072045,0.9577413694613661,0.4115137913528089,3.6297226485876646,0.0016069536355390426
-0.3253235878913588,0.9622450347723368,0.49202421126439233,1.868943608628618,0.0023097315770716524
-0.5867747267349522,0.9389993136862095,0.4942905777925815,2.3967875731227313,0.0017960719938069868
-1.0177205096672075,0.9315516223795408,0.4681666573262937,4.000797722491656,0.0020197877107414977
-0.6084567050741574,0.9451715076388268,0.4361601039415711,4.602764527212337,0.0015215578001907535
-0.9490124920244581,0.8939479030095189,0.47040845071278986,4.34612552825233,0.0025080608682571752
-0.49274148005696294,0.9474943604938395,0.3843698875168602,4.208092914260224,0.0016140521733142344
-0.35190694996475463,0.9572096613996689,0.4389209247687639,2.3970607270207682,0.0017749575574714305
-0.5995225470877994,0.9273719778828782,0.3829891105404888,3.024674411456419,0.0017391554787791754
-0.27509289897473427,0.973007033438895,0.3620212739225288,4.026967188534575,0.0021519623600666045
-0.42701892484140463,0.9626068821038607,0.3696623466029004,3.2862534987795726,0.00178447357489664
-0.34246719499535283,0.9598300978391517,0.44684648984598935,4.2595271356911635,0.0018500091618478523
-0.6589692288453597,0.92992474594706,0.4761628892224619,4.244078100507824,0.0016770835835778625
-0.48912555676749225,0.9410036492174501,0.44190882965659006,3.946625037738424,0.001576407603370112
-0.6224182165587551,0.9483009993451853,0.43722426721735513,4.366701634496136,0.0015375616078415015
-0.24602966645652358,0.9671581116948954,0.4317704001265751,2.642275555569043,0.0021011260013241834
-0.5967118556488834,0.9410619041472073,0.4442812240495654,4.36366328408088,0.0015300247346811617
-0.2866318733575819,0.9563897516787353,0.2760263466481641,3.7463642912058788,0.002915889364629978
-0.4169435916075359,0.9696522584738679,0.43006024240450136,2.3020215062297993,0.0018646609158787446
-0.3332655183011955,0.9617348955362254,0.39384713250145814,4.636057679236004,0.0018034474441925366
-0.4988263877156638,0.941065383175959,0.46831564265187126,2.908097750240259,0.0016660698534626149
-0.2729296437579755,0.9653235005219072,0.4859245598537022,3.7169406640676783,0.002438806995354015
-0.3932987251784328,0.9543448003850056,0.3003219518692685,4.057022373590992,0.002385499500398308
-0.6535172722942807,0.9485705520251071,0.3839547581847823,4.040234857539981,0.001628349858213038
-0.706212342997194,0.90866830574022,0.46087479547773186,4.126373862788754,0.0019409523550280555
-0.5182948644030745,0.9268856209335642,0.4523702594716234,4.633605134905885,0.0016870079515955596
-0.43319771676983987,0.9638335123563907,0.4168679550815457,3.154651661368437,0.00171777156135979
-0.724689462726522,0.8879321657507747,0.4539589441969798,4.596397239806843,0.00280407110734703
