seed,N,epsilon,accepted,alpha_mean,alpha_abs_error,beta_mean,beta_abs_error,sigma_eta_mean,sigma_eta_abs_error
0,1000,2.0,452,-1.0140922521189886,0.5140922521189886,0.9317661758496554,0.01823382415034458,0.24262607658462162,0.057373923415378364
0,1000,1.0,59,-0.9636472680193795,0.4636472680193795,0.9070539642571744,0.04294603574282552,0.33816698700644016,0.03816698700644017
0,1000,0.5,6,-0.8958278664595145,0.3958278664595145,0.910412621276791,0.039587378723208944,0.37677348739029726,0.07677348739029727
0,1000,0.2,0,,,,,,
0,1000,0.1,0,,,,,,
0,2000,2.0,915,-1.0260644618006218,0.5260644618006218,0.9338493640571234,0.01615063594287658,0.24334431940219486,0.056655680597805125
0,2000,1.0,116,-0.9433484685703946,0.44334846857039456,0.9093451132292019,0.04065488677079809,0.3330278935764971,0.0330278935764971
0,2000,0.5,14,-0.8673169316246739,0.36731693162467394,0.9131275668968205,0.03687243310317945,0.3547482838244204,0.05474828382442043
0,2000,0.2,1,-0.2005512477791771,0.2994487522208229,0.9800473129757131,0.03004731297571317,0.16730775912880474,0.13269224087119524
0,2000,0.1,0,,,,,,
0,5000,2.0,2309,-1.0406133384847847,0.5406133384847847,0.9329261488726239,0.017073851127376027,0.24533676544156213,0.054663234558437857
0,5000,1.0,300,-0.9759922865169574,0.47599228651695735,0.9059126378500165,0.04408736214998343,0.3434966428508181,0.04349664285081811
0,5000,0.5,25,-0.9140254345590939,0.4140254345590939,0.9080790666756343,0.04192093332436564,0.36413057795210674,0.06413057795210675
0,5000,0.2,1,-0.2005512477791771,0.2994487522208229,0.9800473129757131,0.03004731297571317,0.16730775912880474,0.13269224087119524
0,5000,0.1,0,,,,,,
0,10000,2.0,4654,-1.0414474686870325,0.5414474686870325,0.9320579799220238,0.017942020077976184,0.24269569997178422,0.057304300028215766
0,10000,1.0,588,-0.9656559126799754,0.4656559126799754,0.9065055182780405,0.043494481721959466,0.34300971608361647,0.04300971608361648
0,10000,0.5,47,-0.86574377257607,0.36574377257607005,0.9123803487313106,0.03761965126868938,0.35490902018211845,0.05490902018211846
0,10000,0.2,2,-0.5422132000301694,0.04221320003016937,0.944776464390725,0.00522353560927491,0.2395948979782024,0.06040510202179758
0,10000,0.1,0,,,,,,
0,20000,2.0,9305,-1.0434774918354401,0.5434774918354401,0.9322257664234544,0.017774233576545506,0.24449296925048633,0.05550703074951366
0,20000,1.0,1192,-0.9681669830932867,0.46816698309328675,0.90595271020728,0.04404728979271999,0.34443996189391995,0.044439961893919966
0,20000,0.5,100,-0.8418830047915833,0.3418830047915833,0.914848478456027,0.03515152154397294,0.3527989840929552,0.05279898409295519
0,20000,0.2,2,-0.5422132000301694,0.04221320003016937,0.944776464390725,0.00522353560927491,0.2395948979782024,0.06040510202179758
0,20000,0.1,0,,,,,,
1,1000,2.0,477,-1.0407416251200505,0.5407416251200505,0.9310577411651855,0.018942258834814485,0.23818224009596317,0.06181775990403682
1,1000,1.0,54,-0.944579893308829,0.44457989330882897,0.9088046977239984,0.041195302276001544,0.36072525040594033,0.060725250405940345
1,1000,0.5,6,-1.0261154367937226,0.5261154367937226,0.8961395899416335,0.053860410058366504,0.3965821467183321,0.0965821467183321
1,1000,0.2,0,,,,,,
1,1000,0.1,0,,,,,,
1,2000,2.0,962,-1.0482763092775123,0.5482763092775123,0.9310623049733345,0.018937695026665424,0.2380111683970264,0.06198883160297358
1,2000,1.0,105,-0.9640701570058443,0.4640701570058443,0.9071340743435454,0.04286592565645453,0.34779529367529416,0.04779529367529417
1,2000,0.5,7,-1.0272151835417402,0.5272151835417402,0.8960837392864323,0.0539162607135677,0.3868149327068445,0.08681493270684454
1,2000,0.2,0,,,,,,
1,2000,0.1,0,,,,,,
1,5000,2.0,2336,-1.032347923391265,0.5323479233912649,0.9326625782914318,0.017337421708568113,0.24154999363860083,0.05845000636139916
1,5000,1.0,290,-0.9634799508359261,0.4634799508359261,0.9069416239105229,0.043058376089477046,0.34694429088967826,0.046944290889678275
1,5000,0.5,28,-0.8688234298514991,0.3688234298514991,0.9122721155082797,0.037727884491720265,0.35401928915807496,0.05401928915807497
1,5000,0.2,0,,,,,,
1,5000,0.1,0,,,,,,
1,10000,2.0,4662,-1.0378561220077362,0.5378561220077362,0.9322259193552797,0.017774080644720303,0.24244676921841085,0.05755323078158914
1,10000,1.0,584,-0.9632032782125619,0.4632032782125619,0.9067834631169975,0.04321653688300242,0.34429552868234875,0.04429552868234876
1,10000,0.5,41,-0.8949889182813913,0.39498891828139127,0.9097387869032476,0.040261213096752346,0.3531812894339942,0.053181289433994194
1,10000,0.2,1,-0.45916351177699277,0.04083648822300723,0.9534120247775719,0.0034120247775719648,0.21272872055316638,0.0872712794468336
1,10000,0.1,0,,,,,,
1,20000,2.0,9211,-1.03882404743779,0.5388240474377901,0.9324393481559491,0.017560651844050867,0.2399909396404798,0.060009060359520194
1,20000,1.0,1119,-0.9660043395285265,0.4660043395285265,0.906529877495249,0.04347012250475091,0.3415898400050828,0.04158984000508281
1,20000,0.5,83,-0.8605854164505337,0.36058541645053366,0.9130212013974263,0.03697879860257369,0.34869746704613636,0.04869746704613637
1,20000,0.2,2,-0.9643433642529131,0.4643433642529131,0.9029918463845668,0.0470081536154332,0.3380527490107087,0.03805274901070871
1,20000,0.1,0,,,,,,
2,1000,2.0,471,-1.031216440317567,0.531216440317567,0.929959722000326,0.020040277999674005,0.2402865369306097,0.059713463069390293
2,1000,1.0,64,-1.010200692527739,0.5102006925277389,0.9027811023838374,0.0472188976161626,0.34637697300663844,0.046376973006638456
2,1000,0.5,6,-0.8343323135655559,0.3343323135655559,0.9138043794253138,0.03619562057468617,0.3325703150333223,0.032570315033322306
2,1000,0.2,0,,,,,,
2,1000,0.1,0,,,,,,
2,2000,2.0,941,-1.0508669132885247,0.5508669132885247,0.9297081439001743,0.020291856099825645,0.24241462614858414,0.05758537385141585
2,2000,1.0,133,-0.9995521793870017,0.4995521793870017,0.9024090258546892,0.04759097414531077,0.3528549698227303,0.0528549698227303
2,2000,0.5,14,-0.8640631136010998,0.3640631136010998,0.9118690198288705,0.03813098017112948,0.3444314494216679,0.044431449421667935
2,2000,0.2,0,,,,,,
2,2000,0.1,0,,,,,,
2,5000,2.0,2289,-1.0475014084293255,0.5475014084293255,0.9314691000130185,0.01853089998698143,0.24360627425349876,0.05639372574650123
2,5000,1.0,298,-0.9591543911649065,0.45915439116490653,0.9066984069274079,0.04330159307259207,0.3444366455250967,0.044436645525096685
2,5000,0.5,25,-0.7728068083095624,0.2728068083095624,0.9219374581467641,0.028062541853235867,0.34041806551226983,0.04041806551226984
2,5000,0.2,1,-0.2380587214133676,0.2619412785866324,0.9752909279295083,0.025290927929508378,0.17845471844000277,0.12154528155999722
2,5000,0.1,0,,,,,,
2,10000,2.0,4629,-1.0508365410769123,0.5508365410769123,0.9319473272185868,0.018052672781413204,0.24178234222730055,0.05821765777269944
2,10000,1.0,581,-0.9740344251943777,0.47403442519437766,0.9053191668485177,0.0446808331514823,0.3448762947332283,0.044876294733228295
2,10000,0.5,46,-0.8133667685851563,0.31336676858515633,0.9180777519102518,0.031922248089748195,0.3455858831929032,0.04558588319290319
2,10000,0.2,2,-0.22685924697426407,0.2731407530257359,0.9767625153611393,0.026762515361139383,0.22095493301260166,0.07904506698739833
2,10000,0.1,0,,,,,,
2,20000,2.0,9250,-1.0508619920716569,0.5508619920716569,0.9319418597723433,0.018058140227656616,0.24161903480193886,0.05838096519806113
2,20000,1.0,1166,-0.9751780618389142,0.4751780618389142,0.9056762214245637,0.044323778575436235,0.34228569824184135,0.04228569824184136
2,20000,0.5,85,-0.8235438182037945,0.3235438182037945,0.9167768842709364,0.03322311572906356,0.342969275654221,0.042969275654220984
2,20000,0.2,4,-0.33505363898255314,0.16494636101744686,0.9654456777840648,0.015445677784064804,0.23990416909766327,0.06009583090233672
2,20000,0.1,0,,,,,,
3,1000,2.0,469,-1.0563486183892727,0.5563486183892727,0.9330688639725903,0.0169311360274097,0.24008640474456866,0.05991359525543133
3,1000,1.0,53,-0.9860034847844317,0.48600348478443167,0.904240269871841,0.045759730128158926,0.3310602798866093,0.03106027988660931
3,1000,0.5,4,-1.014785075957176,0.5147850759571759,0.8957299308835034,0.054270069116496567,0.40643650629520917,0.10643650629520918
3,1000,0.2,0,,,,,,
3,1000,0.1,0,,,,,,
3,2000,2.0,949,-1.0607138315458775,0.5607138315458775,0.9313605819202037,0.0186394180797963,0.2473090718270814,0.052690928172918594
3,2000,1.0,112,-0.9426193081993022,0.4426193081993022,0.908231451612206,0.04176854838779398,0.3363141512109989,0.0363141512109989
3,2000,0.5,8,-0.7678513516982173,0.2678513516982173,0.9226396877448353,0.027360312255164665,0.33694332607117594,0.03694332607117595
3,2000,0.2,0,,,,,,
3,2000,0.1,0,,,,,,
3,5000,2.0,2355,-1.0505023380099092,0.5505023380099092,0.9316021786989963,0.018397821301003647,0.24656388506897756,0.05343611493102243
3,5000,1.0,303,-0.9710793445174455,0.4710793445174455,0.9059583668035204,0.04404163319647958,0.34901817593637047,0.04901817593637048
3,5000,0.5,26,-0.8292338924000602,0.3292338924000602,0.9159007539947599,0.03409924600524006,0.36002737666690215,0.060027376666902166
3,5000,0.2,1,-0.794355251432837,0.29435525143283703,0.9184954972089628,0.031504502791037114,0.3151863557529507,0.015186355752950687
3,5000,0.1,0,,,,,,
3,10000,2.0,4653,-1.046296771979909,0.546296771979909,0.9315931922933042,0.018406807706695782,0.24617046482232097,0.05382953517767902
3,10000,1.0,573,-0.9710402442545886,0.47104024425458857,0.9059299379856097,0.04407006201439023,0.34447137828849,0.044471378288490016
3,10000,0.5,50,-0.8400161762607213,0.34001617626072134,0.9149632836207051,0.03503671637929484,0.36105750262544495,0.06105750262544496
3,10000,0.2,2,-0.7774943591151322,0.2774943591151322,0.9207784799133176,0.02922152008668233,0.33574914818866475,0.03574914818866476
3,10000,0.1,0,,,,,,
3,20000,2.0,9241,-1.0457583050773251,0.5457583050773251,0.9321597107644691,0.017840289235530826,0.24486643136598052,0.05513356863401947
3,20000,1.0,1142,-0.9661360549791127,0.4661360549791127,0.9063683371256255,0.04363166287437448,0.3445678308711704,0.04456783087117039
3,20000,0.5,104,-0.8263319888517444,0.3263319888517444,0.9169642595184742,0.0330357404815258,0.3528988073972982,0.052898807397298186
3,20000,0.2,2,-0.7774943591151322,0.2774943591151322,0.9207784799133176,0.02922152008668233,0.33574914818866475,0.03574914818866476
3,20000,0.1,0,,,,,,
4,1000,2.0,483,-1.0359680970321477,0.5359680970321477,0.9330974566485231,0.016902543351476895,0.24109660527773072,0.05890339472226927
4,1000,1.0,71,-1.0246258803336705,0.5246258803336705,0.9004349024951577,0.04956509750484228,0.3473956632902535,0.04739566329025352
4,1000,0.5,6,-1.10768723541342,0.60768723541342,0.8896511422785828,0.06034885772141718,0.3996815938139542,0.0996815938139542
4,1000,0.2,0,,,,,,
4,1000,0.1,0,,,,,,
4,2000,2.0,959,-1.0360708413998803,0.5360708413998803,0.9327455649276589,0.017254435072341034,0.24319882235797305,0.05680117764202694
4,2000,1.0,132,-0.9935838339296768,0.49358383392967675,0.9042780954621182,0.04572190453788172,0.34362548354757816,0.04362548354757817
4,2000,0.5,12,-1.0401413687821381,0.5401413687821381,0.8949523439271272,0.055047656072872764,0.37337216325865796,0.07337216325865797
4,2000,0.2,0,,,,,,
4,2000,0.1,0,,,,,,
4,5000,2.0,2363,-1.0400945482538533,0.5400945482538533,0.9320507848761217,0.01794921512387826,0.24160414268615976,0.05839585731384023
4,5000,1.0,320,-0.9699318014479088,0.4699318014479088,0.9058732321388703,0.04412676786112968,0.34053667262451637,0.04053667262451638
4,5000,0.5,37,-0.936466805381699,0.436466805381699,0.9061562817894742,0.043843718210525795,0.35935001999787025,0.05935001999787026
4,5000,0.2,1,-0.9407635474813726,0.4407635474813726,0.9064474001277179,0.043552599872282105,0.4349024164925654,0.1349024164925654
4,5000,0.1,0,,,,,,
4,10000,2.0,4706,-1.042697379899665,0.542697379899665,0.932375194499883,0.017624805500116913,0.2426838050825145,0.05731619491748549
4,10000,1.0,614,-0.9597733954546398,0.4597733954546398,0.9069507425713521,0.04304925742864785,0.3398692867900607,0.03986928679006069
4,10000,0.5,55,-0.9473826302024064,0.44738263020240643,0.9047799717140208,0.04522002828597915,0.3675568794235219,0.0675568794235219
4,10000,0.2,1,-0.9407635474813726,0.4407635474813726,0.9064474001277179,0.043552599872282105,0.4349024164925654,0.1349024164925654
4,10000,0.1,0,,,,,,
4,20000,2.0,9309,-1.0421453100340052,0.5421453100340052,0.9323400581185745,0.0176599418814255,0.24267876018232384,0.057321239817676145
4,20000,1.0,1153,-0.955547505745208,0.45554750574520797,0.9074271494774913,0.0425728505225087,0.33961146252456853,0.03961146252456854
4,20000,0.5,107,-0.8903365458620449,0.3903365458620449,0.9102376639788289,0.039762336021171074,0.3593925292353471,0.0593925292353471
4,20000,0.2,3,-0.723065263424813,0.22306526342481303,0.927174732886658,0.022825267113341985,0.3708113273436718,0.07081132734367179
4,20000,0.1,1,-0.766515911995387,0.26651591199538704,0.9228734070492866,0.027126592950713402,0.39214606898720933,0.09214606898720934
5,1000,2.0,464,-1.0492911388362107,0.5492911388362107,0.9314723597870326,0.018527640212967378,0.23908428001070842,0.06091571998929157
5,1000,1.0,56,-0.9843858745075397,0.48438587450753967,0.9038753347756593,0.046124665224340666,0.33185709335552166,0.03185709335552167
5,1000,0.5,4,-0.9440847412922468,0.44408474129224684,0.9040838099494766,0.04591619005052339,0.3811130678527922,0.08111306785279221
5,1000,0.2,1,-0.7509914323423884,0.2509914323423884,0.9257645006685322,0.024235499331467736,0.432910747260703,0.132910747260703
5,1000,0.1,0,,,,,,
5,2000,2.0,929,-1.0487633625451906,0.5487633625451906,0.9323004964620426,0.01769950353795735,0.24059101525889479,0.0594089847411052
5,2000,1.0,107,-0.9916309237867708,0.49163092378677076,0.9033405832365703,0.04665941676342966,0.335664101505107,0.035664101505107015
5,2000,0.5,6,-0.8590738811528844,0.3590738811528844,0.9126028876068188,0.03739711239318111,0.35866666677995407,0.05866666677995408
5,2000,0.2,1,-0.7509914323423884,0.2509914323423884,0.9257645006685322,0.024235499331467736,0.432910747260703,0.132910747260703
5,2000,0.1,0,,,,,,
5,5000,2.0,2320,-1.0432968620920766,0.5432968620920766,0.9327723674960525,0.017227632503947432,0.23685020034477397,0.06314979965522602
5,5000,1.0,303,-0.9783055348272648,0.4783055348272648,0.9049454069045623,0.04505459309543769,0.3418392508514497,0.04183925085144974
5,5000,0.5,19,-0.9094850141046354,0.40948501410463545,0.9077826180956103,0.04221738190438962,0.3679530738984418,0.0679530738984418
5,5000,0.2,3,-0.8939600215460666,0.3939600215460666,0.909186019307355,0.04081398069264497,0.3832889337394762,0.08328893373947621
5,5000,0.1,0,,,,,,
5,10000,2.0,4564,-1.0407467363793106,0.5407467363793106,0.9332832874136997,0.016716712586300253,0.236935513119633,0.06306448688036698
5,10000,1.0,551,-0.9633753014999652,0.4633753014999652,0.9066209154259749,0.04337908457402506,0.33938697203383345,0.039386972033833456
5,10000,0.5,39,-0.8807499918131081,0.3807499918131081,0.9108512937405359,0.039148706259464094,0.35599146224832656,0.05599146224832657
5,10000,0.2,4,-0.7876954184068241,0.2876954184068241,0.9200764010121214,0.029923598987878552,0.35591205632069634,0.055912056320696346
5,10000,0.1,0,,,,,,
5,20000,2.0,9059,-1.0407211881681786,0.5407211881681786,0.9331118178947633,0.016888182105236682,0.23943634080677229,0.060563659193227704
5,20000,1.0,1107,-0.9708158555774977,0.4708158555774977,0.906103730293547,0.043896269706452995,0.33953399540813556,0.03953399540813557
5,20000,0.5,71,-0.8757604888257826,0.3757604888257826,0.9113976404133106,0.03860235958668934,0.35253342785327674,0.05253342785327675
5,20000,0.2,6,-0.8596622130618231,0.3596622130618231,0.9130105497876922,0.036989450212307706,0.34795577315547277,0.04795577315547278
5,20000,0.1,0,,,,,,
6,1000,2.0,450,-1.0080418376640456,0.5080418376640456,0.9337945735981429,0.01620542640185707,0.2331761012927564,0.06682389870724359
6,1000,1.0,72,-0.9150609613143801,0.4150609613143801,0.9117473920927917,0.0382526079072083,0.3310059605057518,0.03100596050575183
6,1000,0.5,7,-0.9272191581233967,0.4272191581233967,0.90573950483683,0.04426049516316999,0.3615893839904187,0.06158938399041869
6,1000,0.2,1,-1.4322331790753298,0.9322331790753298,0.8530048977918846,0.09699510220811536,0.49209825965589477,0.19209825965589478
6,1000,0.1,0,,,,,,
6,2000,2.0,922,-1.0275682780350113,0.5275682780350113,0.9337691653909743,0.016230834609025635,0.2343502144960364,0.06564978550396358
6,2000,1.0,134,-0.9339425975385296,0.4339425975385296,0.9098803976269445,0.04011960237305545,0.3275237189687573,0.027523718968757327
6,2000,0.5,8,-0.9827411550537921,0.4827411550537921,0.9003004453905125,0.049699554609487495,0.3645961230989504,0.06459612309895041
6,2000,0.2,1,-1.4322331790753298,0.9322331790753298,0.8530048977918846,0.09699510220811536,0.49209825965589477,0.19209825965589478
6,2000,0.1,0,,,,,,
6,5000,2.0,2343,-1.0359008891377968,0.5359008891377968,0.9338823384089486,0.016117661591051324,0.24079950658318056,0.05920049341681943
6,5000,1.0,303,-0.9467130049166841,0.4467130049166841,0.9083918373986573,0.0416081626013427,0.33917174608808753,0.039171746088087545
6,5000,0.5,18,-0.7533200202982386,0.25332002029823864,0.9233438917161416,0.026656108283858337,0.3279061669063969,0.027906166906396912
6,5000,0.2,1,-1.4322331790753298,0.9322331790753298,0.8530048977918846,0.09699510220811536,0.49209825965589477,0.19209825965589478
6,5000,0.1,0,,,,,,
6,10000,2.0,4629,-1.0429673962772463,0.5429673962772463,0.9328090539500665,0.01719094604993343,0.24377945601815681,0.056220543981843174
6,10000,1.0,576,-0.9641613175396745,0.4641613175396745,0.9064727974917126,0.043527202508287344,0.3421677952131568,0.04216779521315683
6,10000,0.5,39,-0.7586194282950596,0.2586194282950596,0.9229503548355907,0.02704964516440922,0.34082411435325016,0.040824114353250174
6,10000,0.2,1,-1.4322331790753298,0.9322331790753298,0.8530048977918846,0.09699510220811536,0.49209825965589477,0.19209825965589478
6,10000,0.1,0,,,,,,
6,20000,2.0,9204,-1.0422833417876722,0.5422833417876722,0.9331632128235573,0.016836787176442658,0.24168661073523529,0.0583133892647647
6,20000,1.0,1095,-0.9548803601682117,0.45488036016821165,0.9072704360686161,0.04272956393138383,0.33875492481097946,0.038754924810979474
6,20000,0.5,72,-0.7829087923244663,0.2829087923244663,0.9205835936684958,0.029416406331504108,0.3423029574387124,0.04230295743871243
6,20000,0.2,2,-0.9423320379865637,0.44233203798656373,0.9034399336209499,0.04656006637905008,0.39193358148777246,0.09193358148777248
6,20000,0.1,0,,,,,,
7,1000,2.0,444,-1.034585414036786,0.534585414036786,0.9339574747168566,0.016042525283143316,0.2423258952110919,0.05767410478890808
7,1000,1.0,44,-0.9815124029249201,0.48151240292492015,0.9045415318483531,0.04545846815164689,0.33733040436782896,0.03733040436782897
7,1000,0.5,5,-0.7464750848857358,0.24647508488573577,0.9256855171192008,0.024314482880799182,0.3383909263328008,0.038390926332800834
7,1000,0.2,0,,,,,,
7,1000,0.1,0,,,,,,
7,2000,2.0,893,-1.0288312489820202,0.5288312489820202,0.9337051332282557,0.0162948667717443,0.23696232253963412,0.06303767746036587
7,2000,1.0,92,-0.9509689927718826,0.4509689927718826,0.9083498634221073,0.04165013657789263,0.3299699826571447,0.029969982657144734
7,2000,0.5,11,-0.6490226013847664,0.14902260138476642,0.9345767187579844,0.01542328124201553,0.30484316905346054,0.00484316905346055
7,2000,0.2,0,,,,,,
7,2000,0.1,0,,,,,,
7,5000,2.0,2222,-1.0290943057379367,0.5290943057379367,0.9334849158867893,0.016515084113210676,0.2367668313771249,0.06323316862287509
7,5000,1.0,256,-0.928792642314824,0.42879264231482395,0.9106193593521955,0.039380640647804444,0.3247341100037413,0.024734110003741316
7,5000,0.5,23,-0.6928537685587696,0.19285376855876957,0.9300410708799849,0.019958929120015068,0.32113691482082196,0.021136914820821973
7,5000,0.2,1,-0.507527335798181,0.00752733579818099,0.9494192320472138,0.0005807679527861653,0.2945267409181082,0.005473259081891779
7,5000,0.1,0,,,,,,
7,10000,2.0,4528,-1.032462818123752,0.5324628181237521,0.9334845670323588,0.01651543296764113,0.23803343075354813,0.06196656924645186
7,10000,1.0,510,-0.9186940065694836,0.41869400656948363,0.9115332584303142,0.03846674156968577,0.32953340799520997,0.02953340799520998
7,10000,0.5,47,-0.6927334372450992,0.19273343724509917,0.9301191434120506,0.019880856587949358,0.3181762754140167,0.01817627541401673
7,10000,0.2,3,-0.3694245967405571,0.1305754032594429,0.9628565622456154,0.012856562245615488,0.25082417532792417,0.04917582467207582
7,10000,0.1,0,,,,,,
7,20000,2.0,9162,-1.0344729741722525,0.5344729741722525,0.9330725319720582,0.01692746802794176,0.23954708313854461,0.060452916861455375
7,20000,1.0,1038,-0.9374582895023594,0.43745828950235943,0.9094733871349006,0.0405266128650994,0.33475813349676387,0.03475813349676388
7,20000,0.5,100,-0.7422347533008294,0.24223475330082944,0.9250169698527987,0.02498303014720127,0.3277062252965047,0.02770622529650474
7,20000,0.2,3,-0.3694245967405571,0.1305754032594429,0.9628565622456154,0.012856562245615488,0.25082417532792417,0.04917582467207582
7,20000,0.1,0,,,,,,
8,1000,2.0,450,-1.055295966662092,0.555295966662092,0.9313097772101885,0.018690222789811473,0.24707136308346347,0.052928636916536514
8,1000,1.0,61,-0.9597734831953674,0.45977348319536737,0.9093378232284037,0.040662176771596226,0.34783377134699506,0.04783377134699507
8,1000,0.5,4,-0.9421791319737026,0.4421791319737026,0.9048531666658409,0.04514683333415903,0.3995633722629962,0.09956337226299622
8,1000,0.2,0,,,,,,
8,1000,0.1,0,,,,,,
8,2000,2.0,915,-1.0331465105506334,0.5331465105506334,0.9332950608527488,0.01670493914725113,0.23946660255842428,0.06053339744157571
8,2000,1.0,112,-0.9108244407703054,0.41082444077030544,0.9119614144348521,0.03803858556514783,0.326906712429337,0.02690671242933701
8,2000,0.5,8,-0.8610828033474436,0.3610828033474436,0.9129632562484132,0.03703674375158672,0.3292506375762675,0.029250637576267502
8,2000,0.2,0,,,,,,
8,2000,0.1,0,,,,,,
8,5000,2.0,2326,-1.0359398293019335,0.5359398293019335,0.9333733771256195,0.016626622874380437,0.23970460796176932,0.06029539203823067
8,5000,1.0,273,-0.914105886589181,0.414105886589181,0.9116686390408778,0.03833136095912215,0.33327557836845967,0.03327557836845968
8,5000,0.5,27,-0.7845764755411582,0.28457647554115817,0.9204821636933042,0.0295178363066958,0.3298728605176799,0.0298728605176799
8,5000,0.2,1,-0.5019252583620522,0.0019252583620521513,0.9501292697781948,0.00012926977819482932,0.31715312787777766,0.017153127877777674
8,5000,0.1,0,,,,,,
8,10000,2.0,4551,-1.0417606104791934,0.5417606104791934,0.932600642997758,0.017399357002241933,0.23968370030214906,0.060316299697850934
8,10000,1.0,552,-0.9373063389307221,0.4373063389307221,0.9091990372682064,0.040800962731793566,0.3356780635788437,0.03567806357884373
8,10000,0.5,46,-0.8420778652937737,0.3420778652937737,0.9150273548896749,0.03497264511032505,0.3440545180130798,0.0440545180130798
8,10000,0.2,3,-0.6521379077632963,0.15213790776329628,0.9344255748781426,0.01557442512185736,0.31019226868679645,0.010192268686796457
8,10000,0.1,0,,,,,,
8,20000,2.0,9129,-1.039805201988929,0.539805201988929,0.9323726531780648,0.01762734682193512,0.23890346545444505,0.06109653454555494
8,20000,1.0,1101,-0.9572405220556625,0.45724052205566246,0.9073016039609952,0.042698396039004716,0.3380068812442258,0.0380068812442258
8,20000,0.5,81,-0.8559098597638617,0.3559098597638617,0.9134069899878154,0.03659301001218451,0.3479327501245741,0.0479327501245741
8,20000,0.2,3,-0.6521379077632963,0.15213790776329628,0.9344255748781426,0.01557442512185736,0.31019226868679645,0.010192268686796457
8,20000,0.1,0,,,,,,
9,1000,2.0,445,-1.0586767552086551,0.5586767552086551,0.931688825944266,0.018311174055733903,0.24668730701357314,0.05331269298642685
9,1000,1.0,53,-1.0216089872540606,0.5216089872540606,0.9018168096220283,0.048183190377971696,0.34498698065572114,0.044986980655721154
9,1000,0.5,3,-0.8488417136826586,0.3488417136826586,0.914551012980341,0.03544898701965893,0.34170712801233916,0.04170712801233917
9,1000,0.2,1,-0.9445390872849582,0.44453908728495817,0.9036873281705585,0.04631267182944143,0.39169953657599305,0.09169953657599306
9,1000,0.1,0,,,,,,
9,2000,2.0,924,-1.0489955962569706,0.5489955962569706,0.9309495690188214,0.019050430981178534,0.24780416829357177,0.05219583170642822
9,2000,1.0,119,-0.9682455591995387,0.4682455591995387,0.9064458192869093,0.043554180713090695,0.34521444867864143,0.04521444867864144
9,2000,0.5,9,-0.7714666798430853,0.27146667984308526,0.9222901557729934,0.027709844227006508,0.3278490024569069,0.027849002456906913
9,2000,0.2,1,-0.9445390872849582,0.44453908728495817,0.9036873281705585,0.04631267182944143,0.39169953657599305,0.09169953657599306
9,2000,0.1,0,,,,,,
9,5000,2.0,2360,-1.0477354179431002,0.5477354179431002,0.931560690027628,0.018439309972371976,0.24417796576063003,0.05582203423936996
9,5000,1.0,301,-0.9840505580404408,0.48405055804044084,0.9043673567871449,0.045632643212855095,0.33927329027581954,0.03927329027581955
9,5000,0.5,21,-0.7393398207636738,0.23933982076367377,0.9255493299121951,0.024450670087804882,0.33305764105808006,0.03305764105808007
9,5000,0.2,1,-0.9445390872849582,0.44453908728495817,0.9036873281705585,0.04631267182944143,0.39169953657599305,0.09169953657599306
9,5000,0.1,0,,,,,,
9,10000,2.0,4717,-1.0470943129136707,0.5470943129136707,0.9317078672100557,0.018292132789944238,0.24226267451457906,0.05773732548542093
9,10000,1.0,594,-0.975055559146058,0.475055559146058,0.9053409768725551,0.04465902312744485,0.33770045201538024,0.03770045201538025
9,10000,0.5,38,-0.8410892501806024,0.34108925018060243,0.9147986924463399,0.03520130755366002,0.34285266041262696,0.042852660412626975
9,10000,0.2,1,-0.9445390872849582,0.44453908728495817,0.9036873281705585,0.04631267182944143,0.39169953657599305,0.09169953657599306
9,10000,0.1,0,,,,,,
9,20000,2.0,9294,-1.0474400502856556,0.5474400502856556,0.9318069945809108,0.018193005419089192,0.242207069008892,0.057792930991107994
9,20000,1.0,1132,-0.9737435581469319,0.4737435581469319,0.9058461407860982,0.0441538592139018,0.33912489267872165,0.03912489267872166
9,20000,0.5,72,-0.8264207878832273,0.32642078788322726,0.916046154771904,0.03395384522809597,0.3389466840368576,0.03894668403685764
9,20000,0.2,1,-0.9445390872849582,0.44453908728495817,0.9036873281705585,0.04631267182944143,0.39169953657599305,0.09169953657599306
9,20000,0.1,0,,,,,,
