method,target,target_type,stage_type,stage_index,n_datasets,mean_bias,rmse,mean_absolute_error,mean_scaled_absolute_error,sd_scaled_absolute_error,median_scaled_absolute_error,q25_scaled_absolute_error,q75_scaled_absolute_error,scaled_error_iqr,coverage_rate,mean_interval_width,mean_simulator_calls,mean_runtime_seconds
Manual ABC,alpha,parameter,rejection_budget,0,10,-0.33695969072001264,0.33789995866015987,0.33695969072001264,0.2406854933714376,0.01896632790862268,0.24234409021700165,0.22617272941544067,0.2552748666742532,0.029102137258812527,1.0,1.2180258089757765,2000.0,
Manual ABC,beta,parameter,rejection_budget,0,10,-0.028555176516695334,0.028746974755473952,0.028555176516695334,0.191645479977821,0.023453099589118755,0.18641376321446076,0.17839204489742652,0.21308990810118092,0.0346978632037544,1.0,0.11427682061746913,2000.0,
Manual ABC,sigma_eta,parameter,rejection_budget,0,10,0.03195991708748604,0.03269620681102105,0.03195991708748604,0.07102203797219118,0.016162012327354522,0.07086961547345733,0.060706920168407424,0.07901073269612048,0.018303812527713056,1.0,0.3141744573178512,2000.0,
Manual ABC,long_run_log_variance,derived,rejection_budget,0,10,-0.7844630526598158,0.8128695180603757,0.7844630526598158,0.07844630526598165,0.022453550177929157,0.07671616474082918,0.06390568644489011,0.09011035007672112,0.026204663631831007,1.0,7.477046123084054,2000.0,
Manual ABC,half_life_days,derived,rejection_budget,0,10,-2.576625758226583,2.7617647373218634,2.576625758226583,0.19067180427177974,0.07754753170340106,0.1983603776767866,0.15381829710238176,0.22359906751069736,0.0697807704083156,1.0,29.703868592584694,2000.0,
Manual ABC,stationary_log_volatility_variance,derived,rejection_budget,0,10,-0.13417459689698433,0.13708939753228785,0.13417459689698433,0.1453558133050664,0.032110077633463206,0.14897675274399075,0.12282049756047374,0.16093906428251326,0.03811856672203952,1.0,0.9824334107836933,2000.0,
Manual ABC,alpha,parameter,rejection_budget,1,10,-0.3324062348535841,0.33293932147117605,0.3324062348535841,0.2374330248954172,0.014179902023666974,0.23399620921526065,0.22830314406402244,0.2412445668518482,0.012941422787825757,1.0,1.2023082589761704,5000.0,
Manual ABC,beta,parameter,rejection_budget,1,10,-0.02786940657003244,0.027919224377032297,0.02786940657003244,0.18704299711431166,0.011793905177494408,0.18705045302134293,0.18042866176722208,0.19343944576504524,0.013010783997823155,1.0,0.11427212218203578,5000.0,
Manual ABC,sigma_eta,parameter,rejection_budget,1,10,0.030838058144440166,0.031350171891429184,0.030838058144440166,0.06852901809875592,0.013219150489190977,0.06909072328527185,0.05679835374509809,0.08049095908909494,0.02369260534399685,1.0,0.31169467847791343,5000.0,
Manual ABC,long_run_log_variance,derived,rejection_budget,1,10,-0.8380717440824694,0.8512991637005499,0.8380717440824694,0.08380717440824702,0.015757191616607446,0.08855690062097964,0.07008622872398523,0.09791014376098003,0.0278239150369948,1.0,7.532147535470452,5000.0,
Manual ABC,half_life_days,derived,rejection_budget,1,10,-2.594124144836672,2.624644452887492,2.594124144836672,0.1919666950552543,0.031130948574066092,0.19056407146630414,0.1768972149206689,0.20792432677181574,0.031027111851146844,1.0,29.040050571415925,5000.0,
Manual ABC,stationary_log_volatility_variance,derived,rejection_budget,1,10,-0.1334992192884244,0.1350213629350812,0.1334992192884244,0.1446241542291265,0.02308646619343293,0.14774047453249392,0.1286425971454278,0.15056085392440505,0.02191825677897724,1.0,0.9816015172548983,5000.0,
Manual ABC,alpha,parameter,rejection_budget,2,10,-0.33754915575043665,0.33782147503396787,0.33754915575043665,0.24110653982174046,0.01021082876047578,0.24348852098141505,0.23498067988648655,0.248833090983859,0.013852411097372452,1.0,1.2176797905734769,10000.0,
Manual ABC,beta,parameter,rejection_budget,2,10,-0.02821573839461189,0.028232834577322934,0.02821573839461189,0.1893673717759187,0.006949739656774664,0.19099441404509487,0.18496079767135237,0.19425992783339208,0.009299130162039704,1.0,0.11512479116693934,10000.0,
Manual ABC,sigma_eta,parameter,rejection_budget,2,10,0.03121656882943811,0.03133123187584728,0.03121656882943811,0.0693701529543069,0.006273125720910873,0.07151085277252167,0.06798596981006975,0.07325541337989738,0.005269443569827628,1.0,0.3173561523427363,10000.0,
Manual ABC,long_run_log_variance,derived,rejection_budget,2,10,-0.8552311062423212,0.8594937706031182,0.8552311062423212,0.08552311062423221,0.009011903622494002,0.0859759498798362,0.08147306683199401,0.09166522522618238,0.01019215839418837,1.0,7.484745422740419,10000.0,
Manual ABC,half_life_days,derived,rejection_budget,2,10,-2.7114619721225486,2.7231318267803095,2.7114619721225486,0.20064976249975866,0.019644009949745776,0.1950549912938137,0.1863823209303194,0.21709221429343262,0.030709893363113222,1.0,28.3500117685765,10000.0,
Manual ABC,stationary_log_volatility_variance,derived,rejection_budget,2,10,-0.1352115273572386,0.13557159916971795,0.1352115273572386,0.14647915463700853,0.011275770116043091,0.14764827507302114,0.1434352649103413,0.15112974818976713,0.007694483279425818,1.0,0.9956867481850035,10000.0,
Manual ABC,alpha,parameter,rejection_budget,3,10,-0.33689958759961,0.3370748097196567,0.33689958759961,0.24064256257115,0.008182139401782225,0.24251947575766397,0.235440655685419,0.24510347606377914,0.009662820378360137,1.0,1.211471883310138,20000.0,
Manual ABC,beta,parameter,rejection_budget,3,10,-0.02803431066298632,0.028040926823517297,0.02803431066298632,0.18814973599319673,0.004309045250163844,0.18817685755053168,0.18500121721449606,0.1921381249052533,0.007136907690757255,1.0,0.11469625903908538,20000.0,
Manual ABC,sigma_eta,parameter,rejection_budget,3,10,0.03192774581150185,0.03196397083646297,0.03192774581150185,0.07095054624778188,0.0035636320542012465,0.07034102774407734,0.06963798525736105,0.07376094107560022,0.0041229558182391685,1.0,0.3157698665515724,20000.0,
Manual ABC,long_run_log_variance,derived,rejection_budget,3,10,-0.8752691569900877,0.878402268529219,0.8752691569900877,0.08752691569900886,0.007813413096250586,0.08959538658364474,0.07951917592787623,0.09396788231370783,0.014448706385831595,1.0,7.484712747748918,20000.0,
Manual ABC,half_life_days,derived,rejection_budget,3,10,-2.7523052424239776,2.7580762334957347,2.7523052424239776,0.2036721882501297,0.013910089084347592,0.19759820723312543,0.19298617495716844,0.2184317832132907,0.02544560825612227,1.0,26.309006261716746,20000.0,
Manual ABC,stationary_log_volatility_variance,derived,rejection_budget,3,10,-0.13102850254918869,0.1311713539685285,0.13102850254918869,0.14194754442828778,0.00698874760255651,0.14444689780100747,0.13905096711738585,0.14711495288360865,0.008063985766222803,1.0,0.9820780316646063,20000.0,
Auto ABC,alpha,parameter,rejection_budget,0,10,0.09760657734528558,0.09966867303316507,0.09760657734528558,0.0697189838180611,0.015185930860696941,0.07272532021697778,0.06345919119741457,0.07335969913509534,0.00990050793768077,1.0,0.8846894099968736,2000.0,
Auto ABC,beta,parameter,rejection_budget,0,10,0.00606579769648824,0.006380930597568214,0.00606579769648824,0.04071005165428348,0.01401092974032596,0.04147485671667183,0.036939894345567395,0.04551527422631324,0.008575379880745845,1.0,0.08585331167807793,2000.0,
Auto ABC,sigma_eta,parameter,rejection_budget,0,10,0.040825040222638706,0.042219722743766015,0.040825040222638706,0.09072231160586379,0.025209256403100913,0.08231918143701777,0.07275641512266186,0.11440718520087914,0.041650770078217283,1.0,0.35329089926679536,2000.0,
Auto ABC,long_run_log_variance,derived,rejection_budget,0,10,0.3621881480044376,0.6217934088982353,0.5142047296061207,0.05142047296061212,0.0368511328636334,0.05113243157931113,0.03115728817144368,0.06967433743935761,0.038517049267913925,1.0,12.462302054676346,2000.0,
Auto ABC,half_life_days,derived,rejection_budget,0,10,7.348796899941291,7.531197524125615,7.348796899941291,0.5438152435078808,0.12850748427794845,0.5638963530764035,0.4861467895621398,0.5936816978973181,0.10753490833517826,1.0,55.94662254747796,2000.0,
Auto ABC,stationary_log_volatility_variance,derived,rejection_budget,0,10,0.925980864683518,0.9424159414651041,0.925980864683518,1.0031459367404783,0.20010653797274947,0.8932693796168601,0.8485962685696256,1.1823488573102212,0.33375258874059566,1.0,6.143003168560416,2000.0,
Auto ABC,alpha,parameter,rejection_budget,1,10,0.10402686484062498,0.10490055994138926,0.10402686484062498,0.07430490345758926,0.010172516089293353,0.06993859640031566,0.0694127873671275,0.0776521169623507,0.008239329595223208,1.0,0.8465228279592678,5000.0,
Auto ABC,beta,parameter,rejection_budget,1,10,0.0066938875852361355,0.006815503194801797,0.0066938875852361355,0.04492542003514184,0.009067864451843747,0.044241724535487206,0.04214197620562548,0.05002698760462577,0.007885011399000288,1.0,0.08329844624440166,5000.0,
Auto ABC,sigma_eta,parameter,rejection_budget,1,10,0.041919663018323644,0.04246878473534248,0.041919663018323644,0.09315480670738588,0.01594564314796298,0.090936893189805,0.07940656579662952,0.10780381558161457,0.02839724978498505,1.0,0.34586705022302267,5000.0,
Auto ABC,long_run_log_variance,derived,rejection_budget,1,10,0.3668472002800778,0.45578125050809876,0.3668472002800778,0.036684720028007815,0.028511144012550386,0.037698445340256494,0.010462519519234147,0.061767155845038876,0.05130463632580473,1.0,12.453304876462978,5000.0,
Auto ABC,half_life_days,derived,rejection_budget,1,10,7.699890708097594,7.7575360247702765,7.699890708097594,0.5697963894527571,0.07363164283823974,0.5638945442226359,0.5478859747293849,0.6056272741647392,0.05774129943535422,1.0,52.76742186194063,5000.0,
Auto ABC,stationary_log_volatility_variance,derived,rejection_budget,1,10,1.0030636339569683,1.0149306065783659,1.0030636339569683,1.0866522701200492,0.17671392899509442,1.0783651322068564,0.9707553936331568,1.1731777584338516,0.20242236480069487,1.0,6.090924634481365,5000.0,
Auto ABC,alpha,parameter,rejection_budget,2,10,0.10406913638458666,0.10472463348444908,0.10406913638458666,0.07433509741756192,0.008808356120118356,0.0718680102848615,0.06855860571140412,0.0815612714076045,0.013002665696200372,1.0,0.8643531382735485,10000.0,
Auto ABC,beta,parameter,rejection_budget,2,10,0.007029845500298648,0.007136574646847839,0.007029845500298648,0.04718017114294394,0.008698894307668553,0.04735672294317053,0.04487607641113766,0.052182432193519576,0.007306355782381917,1.0,0.08335484296738441,10000.0,
Auto ABC,sigma_eta,parameter,rejection_budget,2,10,0.04545086414229564,0.04563471211354126,0.04545086414229564,0.10100192031621254,0.009585625499181375,0.10328331653562894,0.09334368043909419,0.10850085831735597,0.015157177878261777,1.0,0.3473362686129971,10000.0,
Auto ABC,long_run_log_variance,derived,rejection_budget,2,10,0.2925130021573585,0.3818821754497416,0.2925130021573585,0.029251300215735875,0.025877948462202444,0.02767307224873028,0.005838335186964155,0.0451766588671711,0.03933832368020695,1.0,12.55953168172783,10000.0,
Auto ABC,half_life_days,derived,rejection_budget,2,10,7.946703247215224,7.982279296780568,7.946703247215224,0.5880606608550766,0.058720095918812526,0.6024540309985098,0.5727881809714203,0.6207304350274525,0.04794225405603225,1.0,54.64140738244898,10000.0,
Auto ABC,stationary_log_volatility_variance,derived,rejection_budget,2,10,1.053165258826291,1.0565852056089362,1.053165258826291,1.140929030395149,0.0969987351523591,1.1721105843067217,1.0794309707368368,1.1989913902252596,0.11956041948842278,1.0,6.212278452512865,10000.0,
Auto ABC,alpha,parameter,rejection_budget,3,10,0.10112458783655749,0.10129207695466906,0.10112458783655749,0.07223184845468393,0.004383965622444943,0.07263166067105015,0.06957641048145297,0.07591779244960861,0.006341381968155646,1.0,0.893808505650318,20000.0,
Auto ABC,beta,parameter,rejection_budget,3,10,0.006496139201822304,0.006511171577061993,0.006496139201822304,0.04359824967665975,0.0031282398156024438,0.043351812787978054,0.041119709062931754,0.045701660141310704,0.00458195107837895,1.0,0.08551270703681825,20000.0,
Auto ABC,sigma_eta,parameter,rejection_budget,3,10,0.04714020353305469,0.04719827028805339,0.04714020353305469,0.10475600785123265,0.0054824468851166555,0.10659524318268826,0.0989968182319706,0.10925139474651469,0.01025457651454409,1.0,0.34683378650980584,20000.0,
Auto ABC,long_run_log_variance,derived,rejection_budget,3,10,0.3547737280934699,0.38088906789265653,0.3547737280934699,0.03547737280934702,0.014610530408957864,0.03845143318316392,0.026440822233762807,0.04082764013902564,0.01438681790526283,1.0,12.652329189207354,20000.0,
Auto ABC,half_life_days,derived,rejection_budget,3,10,7.669547389021825,7.6852282150555755,7.669547389021825,0.5675509661982162,0.038275430382008375,0.5665671051605583,0.561223133416872,0.580570150062747,0.019347016645875015,1.0,54.58554247463379,20000.0,
Auto ABC,stationary_log_volatility_variance,derived,rejection_budget,3,10,1.0457127074001682,1.0476848325627748,1.0457127074001682,1.1328554330168494,0.07337260585085077,1.1418847646950443,1.1251421503774608,1.1601473350250513,0.035005184647590504,1.0,6.2390798410157196,20000.0,
Wasserstein ABC,alpha,parameter,rejection_budget,0,10,-0.4962442964522632,0.49687143552624813,0.4962442964522632,0.35446021175161657,0.018790250531327397,0.3530500824257132,0.34711177855823305,0.3687884831116192,0.02167670455338616,1.0,1.1851503540994621,2000.0,
Wasserstein ABC,beta,parameter,rejection_budget,0,10,-0.05146055935440811,0.05151564563550484,0.05146055935440811,0.3453728815732088,0.016849330347335177,0.34400724178635567,0.33941063446822706,0.3540598058081781,0.014649171339951028,1.0,0.12080716550518264,2000.0,
Wasserstein ABC,sigma_eta,parameter,rejection_budget,0,10,-0.024716104819654562,0.02862047500522003,0.024716104819654562,0.05492467737701012,0.033802926965439746,0.07065148877521595,0.025894672932592868,0.07850826322311213,0.05261359029051926,1.0,0.4115129232554179,2000.0,
Wasserstein ABC,long_run_log_variance,derived,rejection_budget,0,10,0.1651619370607154,0.16985218252057122,0.1651619370607154,0.016516193706071554,0.004178381469412563,0.017927680183652067,0.014354108841997983,0.018956732318145892,0.004602623476147909,1.0,1.1067509281176777,2000.0,
Wasserstein ABC,half_life_days,derived,rejection_budget,0,10,-5.548282142276805,5.5562565687950185,5.548282142276805,0.41057610454260773,0.023212069854754016,0.40785677973533846,0.399051010821751,0.41990869355183336,0.020857682730082372,1.0,22.220571886317714,2000.0,
Wasserstein ABC,stationary_log_volatility_variance,derived,rejection_budget,0,10,-0.3804052861773118,0.38452307875280456,0.3804052861773118,0.4121057266920879,0.06408899590764451,0.4258897009611038,0.36268373981599344,0.462890048469668,0.10020630865367458,1.0,1.7801359300862138,2000.0,
Wasserstein ABC,alpha,parameter,rejection_budget,1,10,-0.49511705521136007,0.49558896475767455,0.49511705521136007,0.35365503943668564,0.016279928455920474,0.35435201642068287,0.34416479688762486,0.3674855956095035,0.023320798721878644,1.0,1.1554815380894963,5000.0,
Wasserstein ABC,beta,parameter,rejection_budget,1,10,-0.051442403880775645,0.051489048714757506,0.051442403880775645,0.3452510327568835,0.015501306503717092,0.3446716321376587,0.3355719514737266,0.357890338251408,0.022318386777681387,1.0,0.11757406160797745,5000.0,
Wasserstein ABC,sigma_eta,parameter,rejection_budget,1,10,-0.023100970696999058,0.024072926144019176,0.023100970696999058,0.05133549043777569,0.015861355059297668,0.047803098643298056,0.037369251115877626,0.06531698101251444,0.027947729896636818,1.0,0.42100621192952703,5000.0,
Wasserstein ABC,long_run_log_variance,derived,rejection_budget,1,10,0.172738486587866,0.17343373962817424,0.172738486587866,0.017273848658786617,0.0016352957352212957,0.017485747565941984,0.01620879913198038,0.018091343985394796,0.0018825448534144154,1.0,1.08708749738491,5000.0,
Wasserstein ABC,half_life_days,derived,rejection_budget,1,10,-5.580538509070131,5.591051225979802,5.580538509070131,0.4129630944405777,0.02673183990000145,0.414398789020121,0.39830132699347554,0.433863203329229,0.03556187633575347,1.0,19.06114305163173,5000.0,
Wasserstein ABC,stationary_log_volatility_variance,derived,rejection_budget,1,10,-0.3736750429896125,0.37462888206760997,0.3736750429896125,0.4048146299054137,0.030508258581807716,0.39632317386528904,0.38444007515944545,0.4000700089432321,0.01562993378378663,1.0,1.7951016733836678,5000.0,
Wasserstein ABC,alpha,parameter,rejection_budget,2,10,-0.4936116145063272,0.4939220093711963,0.4936116145063272,0.3525797246473766,0.013182079279716007,0.3535519601188197,0.3429630719359128,0.36342832266114267,0.020465250725229867,1.0,1.1568176334392448,10000.0,
Wasserstein ABC,beta,parameter,rejection_budget,2,10,-0.05125518008389026,0.051287194606875655,0.05125518008389026,0.3439944972073171,0.012817923633705814,0.3440822853127896,0.3348576107143563,0.3548492298054546,0.019991619091098256,1.0,0.1180261608920131,10000.0,
Wasserstein ABC,sigma_eta,parameter,rejection_budget,2,10,-0.025050907594586336,0.02546218354052767,0.025050907594586336,0.05566868354352519,0.01067664639604589,0.05793639663329636,0.04867362287637804,0.06002654213472924,0.011352919258351198,1.0,0.42305066405619396,10000.0,
Wasserstein ABC,long_run_log_variance,derived,rejection_budget,2,10,0.16826293859507135,0.16879372278273072,0.16826293859507135,0.016826293859507145,0.0014099028579799033,0.016472497976966344,0.015813188400456927,0.017631601209483497,0.0018184128090265698,1.0,1.1087422992008764,10000.0,
Wasserstein ABC,half_life_days,derived,rejection_budget,2,10,-5.548216618611326,5.5551251273865825,5.548216618611326,0.41057125575326403,0.02160393628115242,0.4076703421446579,0.4007128874926811,0.4236745459371801,0.022961658444499045,1.0,18.878275104526928,10000.0,
Wasserstein ABC,stationary_log_volatility_variance,derived,rejection_budget,2,10,-0.37735028115495367,0.3778912512498131,0.37735028115495367,0.4087961379178665,0.023081839284971373,0.4064438030092402,0.3901251184904459,0.425054112068243,0.03492899357779711,1.0,1.867987037434857,10000.0,
Wasserstein ABC,alpha,parameter,rejection_budget,3,10,-0.4934210836877311,0.4936511331695616,0.4934210836877311,0.3524436312055222,0.011345817754075654,0.35055669607951434,0.34635595841317346,0.3558988471983978,0.009542888785224357,1.0,1.1659915218538306,20000.0,
Wasserstein ABC,beta,parameter,rejection_budget,3,10,-0.05119319307348117,0.051216569049167715,0.05119319307348117,0.3435784770032293,0.010945813117802924,0.34186525338970597,0.3381162763355813,0.3461404572087425,0.008024180873161202,1.0,0.11823357317487679,20000.0,
Wasserstein ABC,sigma_eta,parameter,rejection_budget,3,10,-0.023920693092835843,0.02410070418311134,0.023920693092835843,0.05315709576185742,0.006887050364061836,0.0531334122406987,0.04855171154108692,0.05643690631918601,0.00788519477809909,1.0,0.423215202224054,20000.0,
Wasserstein ABC,long_run_log_variance,derived,rejection_budget,3,10,0.16618003474434778,0.16655259493956018,0.16618003474434778,0.016618003474434796,0.001173612341204921,0.016329939422442867,0.015714159127049245,0.017426439644040108,0.0017122805169908634,1.0,1.1004783956433708,20000.0,
Wasserstein ABC,half_life_days,derived,rejection_budget,3,10,-5.528706183014169,5.534343537896546,5.528706183014169,0.40912747217485307,0.01948000200339597,0.40749272043154894,0.39776470989514523,0.4156696524197599,0.017904942524614664,1.0,18.903654996574794,20000.0,
Wasserstein ABC,stationary_log_volatility_variance,derived,rejection_budget,3,10,-0.37329355936766884,0.3735529686142537,0.37329355936766884,0.40440135598164134,0.015894587478087426,0.4009264776858634,0.39772918241378624,0.40666642085904653,0.008937238445260287,1.0,1.8583435665432535,20000.0,
ABC-SMC,alpha,parameter,smc_population,0,10,-0.4178717898952624,0.4179977881856374,0.4178717898952624,0.29847984992518756,0.007726846689228044,0.29895006925234924,0.2948374370943606,0.3030459440049233,0.008208506910562685,1.0,1.184573985392312,2000.0,55.002443620003035
ABC-SMC,beta,parameter,smc_population,0,10,-0.04552781422755975,0.0455470215703516,0.04552781422755975,0.3055558001849647,0.00935675631470861,0.3103359788305126,0.30112643568793607,0.3121930062974544,0.011066570609518322,1.0,0.11748952886490045,2000.0,55.002443620003035
ABC-SMC,sigma_eta,parameter,smc_population,0,10,-0.017156282328224,0.018447074857845917,0.017156282328224,0.03812507184049778,0.015879613538096127,0.04444866658838771,0.024391817210917235,0.04815307880051732,0.023761261589600086,1.0,0.40370489365673573,2000.0,55.002443620003035
ABC-SMC,long_run_log_variance,derived,smc_population,0,10,0.16595648170906063,0.18987126124687523,0.16595648170906063,0.01659564817090608,0.009723706441378427,0.01582346896504562,0.007988532597778304,0.022753550569672827,0.014765017971894523,1.0,8.25141029514341,2000.0,55.002443620003035
ABC-SMC,half_life_days,derived,smc_population,0,10,-5.0605553984037535,5.068442803519382,5.0605553984037535,0.3744840419103219,0.02204774606719513,0.3741417347711091,0.3662054699581905,0.39229332374494374,0.026087853786753268,1.0,19.40374090031123,2000.0,55.002443620003035
ABC-SMC,stationary_log_volatility_variance,derived,smc_population,0,10,-0.3674160486324921,0.3679004556615902,0.3674160486324921,0.3980340526852,0.021551784047977918,0.40138118529311273,0.3874489752758699,0.4156255309923136,0.028176555716443674,1.0,1.501636601763439,2000.0,55.002443620003035
ABC-SMC,alpha,parameter,smc_population,1,10,-0.41668968325684547,0.41699330114784616,0.41668968325684547,0.2976354880406039,0.011978842589243503,0.2950909272131991,0.2914859532455731,0.30409529790372936,0.012609344658156274,1.0,1.1731693096924194,3973.5,55.002443620003035
ABC-SMC,beta,parameter,smc_population,1,10,-0.04094576274927764,0.04096772734843257,0.04094576274927764,0.2748037768407895,0.009489248787365978,0.2717690632075529,0.2687185520388553,0.27817948380018565,0.009460931761330338,1.0,0.11639951640585142,3973.5,55.002443620003035
ABC-SMC,sigma_eta,parameter,smc_population,1,10,0.03607959013269579,0.03623796071373131,0.03607959013269579,0.08017686696154618,0.007927300866070686,0.07996589155509462,0.0736275637983018,0.0860692740976449,0.012441710299343087,1.0,0.3314336687293836,3973.5,55.002443620003035
ABC-SMC,long_run_log_variance,derived,smc_population,1,10,-0.31257847249970216,0.32342320577183215,0.31257847249970216,0.03125784724997025,0.008754217118040756,0.03181964251287524,0.024918294327142584,0.0383777832090351,0.013459488881892516,1.0,7.962090717493619,3973.5,55.002443620003035
ABC-SMC,half_life_days,derived,smc_population,1,10,-4.6674773231014415,4.680297899367216,4.6674773231014415,0.34539603578515005,0.027003607138361314,0.3448935950797922,0.33126703667786594,0.36085298852235415,0.0295859518444882,1.0,20.768593604600888,3973.5,55.002443620003035
ABC-SMC,stationary_log_volatility_variance,derived,smc_population,1,10,-0.20376158034122166,0.20425143866691875,0.20376158034122166,0.22074171203632348,0.016144072858817627,0.2229580512964076,0.21147947398625497,0.23188010406284515,0.02040063007659018,1.0,1.221758606066876,3973.5,55.002443620003035
ABC-SMC,alpha,parameter,smc_population,2,10,-0.3925432257069016,0.39294291186694164,0.3925432257069016,0.28038801836207256,0.013340727925937754,0.280900965339693,0.26987942333685583,0.2886964412643653,0.01881701792750945,1.0,1.2056554667852282,7121.6,55.002443620003035
ABC-SMC,beta,parameter,smc_population,2,10,-0.034624023321706235,0.03466630067108977,0.034624023321706235,0.2323759954476928,0.012108285382998647,0.23451810144458807,0.22616232090120297,0.23599781819419252,0.009835497292989548,1.0,0.115020271883958,7121.6,55.002443620003035
ABC-SMC,sigma_eta,parameter,smc_population,2,10,0.04172333516673503,0.04183085941400758,0.04172333516673503,0.09271852259274449,0.0070210742454213495,0.09421118862969324,0.08755684148282011,0.09795416913005435,0.010397327647234236,1.0,0.31988816868958175,7121.6,55.002443620003035
ABC-SMC,long_run_log_variance,derived,smc_population,2,10,-0.7091874141961625,0.7136913033216931,0.7091874141961625,0.07091874141961632,0.008438330523916564,0.07152131366517345,0.06573341855047522,0.0779828723206372,0.012249453770161983,1.0,7.640463474843775,7121.6,55.002443620003035
ABC-SMC,half_life_days,derived,smc_population,2,10,-3.6948542486770166,3.7446327859244892,3.6948542486770166,0.27342136275210877,0.04746860165561331,0.2811320738421884,0.26225367196491384,0.3086340684807611,0.046380396515847244,1.0,24.319756862358496,7121.6,55.002443620003035
ABC-SMC,stationary_log_volatility_variance,derived,smc_population,2,10,-0.14240263053914526,0.14322728507823698,0.14240263053914526,0.15426951641740738,0.017525835225163752,0.15662688489575008,0.14006319466198067,0.16593283343315765,0.025869638771176984,1.0,1.0886797459746629,7121.6,55.002443620003035
ABC-SMC,alpha,parameter,smc_population,3,10,-0.3316748794998713,0.3318252627499817,0.3316748794998713,0.23691062821419373,0.007520919722317396,0.23414941590580907,0.23132225089614997,0.2445422471308688,0.01321999623471884,1.0,1.2013210046873148,13205.8,55.002443620003035
ABC-SMC,beta,parameter,smc_population,3,10,-0.027093538648563863,0.027128668221970784,0.027093538648563863,0.18183582985613328,0.009763769308760557,0.18235466102263384,0.1738315228208475,0.18579711670758972,0.011965593886742232,1.0,0.11243672904914441,13205.8,55.002443620003035
ABC-SMC,sigma_eta,parameter,smc_population,3,10,0.03217417252944322,0.03251080225523376,0.03217417252944322,0.07149816117654048,0.010930604227424645,0.07030491808780681,0.06433023593859452,0.08138442861134723,0.01705419267275271,1.0,0.3121516232476388,13205.8,55.002443620003035
ABC-SMC,long_run_log_variance,derived,smc_population,3,10,-0.9137564209640054,0.9186457568445658,0.9137564209640054,0.09137564209640062,0.009977324132238018,0.09089630589134633,0.08365424611809316,0.09863464676720657,0.014980400649113407,1.0,7.362649097376814,13205.8,55.002443620003035
ABC-SMC,half_life_days,derived,smc_population,3,10,-2.706389942917578,2.7263854133272654,2.706389942917578,0.200274429389491,0.025709318465893177,0.20502864752423633,0.18628058359664001,0.2114462200024596,0.02516563640581959,1.0,25.17477070860154,13205.8,55.002443620003035
ABC-SMC,stationary_log_volatility_variance,derived,smc_population,3,10,-0.1230984375182127,0.12382056716117416,0.1230984375182127,0.13335664064473046,0.015248449886945976,0.13043508025756967,0.1275523148038216,0.1452774999796426,0.017725185175821,1.0,0.9746444566344208,13205.8,55.002443620003035
ABC-SMC,alpha,parameter,smc_population,4,10,-0.28862581224528167,0.2891508108746129,0.28862581224528167,0.20616129446091552,0.013113232986708764,0.20974834440836224,0.20541280945294071,0.2138389400791997,0.008426130626258993,1.0,1.2162331431604492,25259.0,55.002443620003035
ABC-SMC,beta,parameter,smc_population,4,10,-0.022271602378804344,0.022343551918517796,0.022271602378804344,0.14947384146848552,0.012674991783816284,0.15242802901381158,0.14546821838265556,0.15805336176843798,0.012585143385782427,1.0,0.11387867908169466,25259.0,55.002443620003035
ABC-SMC,sigma_eta,parameter,smc_population,4,10,0.019011562886454503,0.01927652320487132,0.019011562886454503,0.04224791752545445,0.007460852925615044,0.04108941554355236,0.038867256236255324,0.04679725502448452,0.007929998788229198,1.0,0.3119704214485909,25259.0,55.002443620003035
ABC-SMC,long_run_log_variance,derived,smc_population,4,10,-1.053098409059237,1.0570919800562981,1.053098409059237,0.10530984090592381,0.009676543882702896,0.10341283765034684,0.09698189486375926,0.11340970804486414,0.01642781318110488,1.0,7.187940928902125,25259.0,55.002443620003035
ABC-SMC,half_life_days,derived,smc_population,4,10,-1.5825478806944173,1.706038263055464,1.5825478806944173,0.11710946333400378,0.04970900341874763,0.1308767493020187,0.08862051001930965,0.150477512745972,0.061857002726662336,1.0,32.30464773080256,25259.0,55.002443620003035
ABC-SMC,stationary_log_volatility_variance,derived,smc_population,4,10,-0.1374454182423645,0.13788280788091925,0.1374454182423645,0.14889920309589494,0.012531425173969638,0.15022787211748906,0.14700611249322257,0.15715591539318208,0.010149802899959509,1.0,0.8707378306633518,25259.0,55.002443620003035
