beta_regime,sigma_eta_regime,method,target,target_type,n_datasets,mean_bias,rmse,mean_absolute_error,mean_scaled_absolute_error,sd_scaled_absolute_error,median_scaled_absolute_error,q25_scaled_absolute_error,q75_scaled_absolute_error,scaled_error_iqr,coverage_rate,mean_interval_width,mean_simulator_calls,mean_runtime_seconds
0.9,0.15,Manual ABC,alpha,parameter,5,-0.033310482321212385,0.05137248185766162,0.04902397834567527,0.03501712738976805,0.012262577866427106,0.03472885220606261,0.028059814329398004,0.04407176197784175,0.01601194764844375,1.0,1.0746372470955428,10000.0,
0.9,0.15,Manual ABC,beta,parameter,5,-0.0016850731397884734,0.004095576925567909,0.003794499965284093,0.025466442720027467,0.01156506604372797,0.028033051375756755,0.023004129640340067,0.0341167240362934,0.011112594395953333,1.0,0.11039481640485083,10000.0,
0.9,0.15,Manual ABC,sigma_eta,parameter,5,-0.011887096230091137,0.022219602661331002,0.020625895024936107,0.045835322277635794,0.020530494760466172,0.05185493047093123,0.04854888219358317,0.05694302536024758,0.008394143166664411,1.0,0.19004861752091404,10000.0,
0.9,0.15,Manual ABC,long_run_log_variance,derived,5,-0.35008647496282563,0.3507199212054316,0.35008647496282563,0.03500864749628256,0.002355639983229118,0.034134974365926496,0.03402512722223587,0.03672271184927176,0.0026975846270358914,1.0,6.172486045228387,10000.0,
0.9,0.15,Manual ABC,half_life_days,derived,5,0.9112126624214445,1.0580424932954242,0.9112126624214445,0.1385071434743596,0.0913830350268933,0.09066120881782012,0.08511508778958998,0.14445391469380914,0.059338826904219155,1.0,14.169521936441374,10000.0,
0.9,0.15,Manual ABC,stationary_log_volatility_variance,derived,5,-0.003733168106711085,0.03556941751203569,0.030506949500126602,0.25761424022329116,0.17267533758976733,0.24176691853974,0.2244120073079224,0.2566680014077996,0.0322559940998772,1.0,0.25179619605663484,10000.0,
0.9,0.15,Auto ABC,alpha,parameter,5,-0.04079511001727334,0.04218280235272299,0.04079511001727334,0.02913936429805239,0.008569486871122854,0.029740163645017383,0.028585976581029557,0.033473432422172884,0.0048874558411433275,1.0,0.9847540988714302,10000.0,
0.9,0.15,Auto ABC,beta,parameter,5,-0.011276190115611495,0.01254178611276614,0.011276190115611495,0.07567912829269459,0.041197296116060864,0.08236716880254281,0.0797274583200899,0.08564192051130869,0.005914462191218786,1.0,0.09619588235751966,10000.0,
0.9,0.15,Auto ABC,sigma_eta,parameter,5,-0.004224363687569133,0.011287514606174751,0.009365354088678168,0.02081189797484037,0.015654078626471443,0.02270269111096321,0.005858366672975876,0.035492142049338454,0.029633775376362578,1.0,0.22324772420598588,10000.0,
0.9,0.15,Auto ABC,long_run_log_variance,derived,5,0.5708252742951562,0.7789057684781757,0.7057634059439106,0.07057634059439107,0.03684294555933133,0.059513775261389415,0.05677017617757869,0.0709750335513462,0.014204857373767504,1.0,4.833891660501571,10000.0,
0.9,0.15,Auto ABC,half_life_days,derived,5,-0.11548387364038284,0.518898165785927,0.44112187629745525,0.06705188978349785,0.046437752543756566,0.03739273508506265,0.03543397773972386,0.11130750934511904,0.07587353160539519,1.0,8.749782445495857,10000.0,
0.9,0.15,Auto ABC,stationary_log_volatility_variance,derived,5,0.0022957336317747713,0.0168754377592072,0.01657881215311689,0.13999885818187593,0.02974103356324558,0.1503723748267805,0.13827632266369824,0.15115928284599747,0.01288296018229923,1.0,0.32289843972482507,10000.0,
0.9,0.15,Wasserstein ABC,alpha,parameter,5,-0.025540053181305745,0.025576801948111006,0.025540053181305745,0.018242895129504104,0.0010945369294381134,0.018333433292775054,0.017238301351639253,0.01931092159923566,0.002072620247596406,1.0,1.2000746127775594,10000.0,
0.9,0.15,Wasserstein ABC,beta,parameter,5,-0.0011623998013711612,0.0011839541465646461,0.0011623998013711612,0.00780134094879974,0.001687457789409881,0.00875592472466347,0.006446876090613921,0.009131223426372138,0.0026843473357582174,1.0,0.11938365345668507,10000.0,
0.9,0.15,Wasserstein ABC,sigma_eta,parameter,5,0.11104124922712308,0.11104260580290395,0.11104124922712308,0.2467583316158291,0.001363713111674655,0.24706777703609498,0.24535702863969328,0.2476125647430249,0.0022555361033316235,1.0,0.42500197339063883,10000.0,
0.9,0.15,Wasserstein ABC,long_run_log_variance,derived,5,-0.1495698728864127,0.15106699391677658,0.1495698728864127,0.014956987288641274,0.002371944813317094,0.014374416410478829,0.014374416410478829,0.015325278888764338,0.0009508624782855087,1.0,1.101548659794151,10000.0,
0.9,0.15,Wasserstein ABC,half_life_days,derived,5,1.3620043173172707,1.3620234484044624,1.3620043173172707,0.20702886951773855,0.0012268261471746666,0.2069111483590656,0.20691114835906546,0.20796309889717463,0.0010519505381091643,1.0,20.02897086301959,10000.0,
0.9,0.15,Wasserstein ABC,stationary_log_volatility_variance,derived,5,0.3564528811866001,0.35647626774655194,0.3564528811866001,3.0100465522424003,0.038550715873418934,3.0189097223375785,2.9712361821645032,3.0287763177860243,0.05754013562152105,1.0,1.4377192030965065,10000.0,
0.9,0.15,ABC-SMC,alpha,parameter,5,-0.02480359615959595,0.05283487835678812,0.04714360518532561,0.03367400370380401,0.019049560447864624,0.03157901086542942,0.025498185972431572,0.04433438043518272,0.01883619446275115,1.0,1.1122649676057388,17528.8,40.44886731999868
0.9,0.15,ABC-SMC,beta,parameter,5,0.0031867264987435195,0.005867924141990665,0.004487621631579541,0.030118265983755305,0.028368891961462563,0.019511466680574515,0.010668517320001184,0.04718298435136683,0.03651446703136564,1.0,0.11060340966386459,17528.8,40.44886731999868
0.9,0.15,ABC-SMC,sigma_eta,parameter,5,-0.017089929692824298,0.02330019395750283,0.021453392886642993,0.04767420641476221,0.02258741211063094,0.052945606445160304,0.02613872681219456,0.05722242920048939,0.031083702388294828,1.0,0.16722290707159687,17528.8,40.44886731999868
0.9,0.15,ABC-SMC,long_run_log_variance,derived,5,-0.7797056087147155,0.7835676132083234,0.7797056087147155,0.07797056087147154,0.008687180359446085,0.08089131074367284,0.06970430756892068,0.08250575143965122,0.012801443870730539,1.0,5.743823918581971,17528.8,40.44886731999868
0.9,0.15,ABC-SMC,half_life_days,derived,5,1.4893863381300627,1.6753891206339677,1.4893863381300627,0.22639133073056467,0.1303882944607263,0.18529061276262718,0.15059874326454453,0.3307630727263416,0.18016432946179706,1.0,16.562599755638566,17528.8,40.44886731999868
0.9,0.15,ABC-SMC,stationary_log_volatility_variance,derived,5,-0.011185878493008752,0.032284456136114185,0.028744654060548568,0.24273263428907677,0.1387663286005873,0.24731801141510615,0.24241302689846916,0.33769876071584237,0.09528573381737321,1.0,0.20023730246255794,17528.8,40.44886731999868
0.9,0.3,Manual ABC,alpha,parameter,5,-0.060222311343537706,0.06204572135044081,0.060222311343537706,0.04301593667395551,0.01192409973761757,0.044270513357729094,0.033240918240486445,0.054264835278855665,0.02102391703836922,1.0,1.080067471240628,10000.0,
0.9,0.3,Manual ABC,beta,parameter,5,-0.002537185052212032,0.0033627659996702747,0.002537185052212032,0.017028087598738466,0.016560474387301592,0.015207792892351257,0.0033270224797049214,0.02542893717025598,0.02210191469055106,1.0,0.1062390012393775,10000.0,
0.9,0.3,Manual ABC,sigma_eta,parameter,5,0.009482396140385985,0.02449417932926805,0.020693351626442515,0.045985225836538926,0.03256048687327004,0.0422183007515706,0.03530709498056796,0.06228308603364738,0.02697599105307942,1.0,0.27829962065249003,10000.0,
0.9,0.3,Manual ABC,long_run_log_variance,derived,5,-0.5222716029465794,0.5321145017191818,0.5222716029465794,0.05222716029465794,0.011389806679364546,0.05526069279493893,0.05270439662344621,0.05638840548466852,0.0036840088612223112,1.0,6.674080486003153,10000.0,
0.9,0.3,Manual ABC,half_life_days,derived,5,0.8737945443944932,0.9376112850611982,0.8737945443944932,0.132819473783371,0.057780676629241016,0.11731148121777717,0.0991253285771648,0.18307354871371948,0.08394822013655467,1.0,12.943586522615485,10000.0,
0.9,0.3,Manual ABC,stationary_log_volatility_variance,derived,5,0.04382727407015576,0.08246787539493959,0.07124587609947419,0.15040796065444548,0.09802967832620396,0.13984692671832566,0.10229844061410186,0.14470928848806944,0.04241084787396758,1.0,0.6237724759700496,10000.0,
0.9,0.3,Auto ABC,alpha,parameter,5,-0.12385899086962557,0.12653813402919162,0.12385899086962557,0.08847070776401827,0.02068424151765066,0.0927864004769866,0.09180963377685196,0.0932072026216662,0.0013975688448142343,1.0,0.8042509091092936,10000.0,
0.9,0.3,Auto ABC,beta,parameter,5,-0.01616921583289561,0.017315515235352318,0.01616921583289561,0.10851822706641348,0.04648803385770473,0.13492446736181263,0.08121485027176745,0.14249240784103723,0.06127755756926978,1.0,0.07497495424896476,10000.0,
0.9,0.3,Auto ABC,sigma_eta,parameter,5,0.052857625002869,0.05821733773056098,0.052857625002869,0.11746138889526445,0.060620754477297395,0.13251885708260822,0.12822761300202237,0.15274339992830874,0.024515786926286365,1.0,0.26453308104747025,10000.0,
0.9,0.3,Auto ABC,long_run_log_variance,derived,5,0.24571825535889183,0.4445915303287985,0.39489462572267264,0.039489462572267264,0.022836337112005636,0.03335078112303762,0.022876164177238322,0.06309955218854527,0.04022338801130694,1.0,5.528927998790737,10000.0,
0.9,0.3,Auto ABC,half_life_days,derived,5,-0.7046763378453333,0.8332472714042433,0.737902844654007,0.11216351504931121,0.06577546542707319,0.1490237816367426,0.07692282664475629,0.1598028817961654,0.0828800551514091,1.0,5.109806402865427,10000.0,
0.9,0.3,Auto ABC,stationary_log_volatility_variance,derived,5,0.12161309888137342,0.1333238289330059,0.12161309888137342,0.2567387643051216,0.12896577044907015,0.3120031196006556,0.2508446860806999,0.3373772140176575,0.08653252793695765,1.0,0.8164027126689302,10000.0,
0.9,0.3,Wasserstein ABC,alpha,parameter,5,-0.0018550718793543864,0.0036101198768823907,0.0032432175199642588,0.0023165839428316137,0.0012663486105150708,0.002478831501089058,0.001962065453132235,0.0025994837307481105,0.0006374182776158754,1.0,1.2143678624785585,10000.0,
0.9,0.3,Wasserstein ABC,beta,parameter,5,0.00041008989554092157,0.0004996923397396283,0.0004588468440130944,0.0030795090202221094,0.0014847241039768666,0.0036250932832424436,0.002420479264603017,0.003991730777939262,0.0015712515133362451,1.0,0.12108141120248361,10000.0,
0.9,0.3,Wasserstein ABC,sigma_eta,parameter,5,-0.03504210414798573,0.03505041245735497,0.03504210414798573,0.0778713425510794,0.00189598391738264,0.07793758801421784,0.07683578955260358,0.07950017046954108,0.002664380916937506,1.0,0.42659997160761165,10000.0,
0.9,0.3,Wasserstein ABC,long_run_log_variance,derived,5,-0.07629672492909342,0.08110700718843915,0.07629672492909342,0.007629672492909342,0.0030764353970134267,0.008444178981760331,0.005981996255204259,0.008904019721862255,0.0029220234666579963,1.0,1.161417459068875,10000.0,
0.9,0.3,Wasserstein ABC,half_life_days,derived,5,1.698366574600864,1.699984015665425,1.698366574600864,0.25815697314300456,0.012599570932720355,0.26658502783481125,0.24991691060841906,0.26702632725560116,0.017109416647182102,1.0,21.453075070412098,10000.0,
0.9,0.3,Wasserstein ABC,stationary_log_volatility_variance,derived,5,0.04201650359280471,0.04246955856927967,0.04201650359280471,0.08870150758480991,0.014602730991838031,0.09481972892219555,0.07590302266945377,0.100031872285746,0.024128849616292233,1.0,1.7364043031897936,10000.0,
0.9,0.3,ABC-SMC,alpha,parameter,5,-0.09199550756388511,0.09585278862130046,0.09199550756388511,0.0657110768313465,0.021496672656371577,0.05274890647432521,0.05011514625700249,0.08000295279336021,0.029887806536357725,1.0,0.9823370788925889,20841.0,48.50511666000093
0.9,0.3,ABC-SMC,beta,parameter,5,-0.00393367069626509,0.004854560396789466,0.003971643999557295,0.026655328856089223,0.020946695507430987,0.02563758799047329,0.013603239857307008,0.03951629627301848,0.025913056415711476,1.0,0.10024486383797923,20841.0,48.50511666000093
0.9,0.3,ABC-SMC,sigma_eta,parameter,5,0.018312396458628543,0.03011731407605047,0.02854054612685635,0.06342343583745855,0.023894034838031597,0.05904764631669162,0.056823053712376684,0.08055387202277979,0.023730818310403107,1.0,0.23998674989535473,20841.0,48.50511666000093
0.9,0.3,ABC-SMC,long_run_log_variance,derived,5,-0.6960544113145541,0.7270311675419249,0.6960544113145541,0.06960544113145542,0.023474074813217862,0.07259043426371684,0.06331043789795174,0.08898599805763112,0.02567556015967938,1.0,6.316985661874343,20841.0,48.50511666000093
0.9,0.3,ABC-SMC,half_life_days,derived,5,0.43323612963290403,0.5632257378061502,0.4652211845642249,0.0707150591899327,0.05395373332389056,0.06941531881514389,0.0366468712630103,0.08133999576923252,0.044693124506222225,1.0,10.795900140827637,20841.0,48.50511666000093
0.9,0.3,ABC-SMC,stationary_log_volatility_variance,derived,5,0.06150363735095932,0.09844439296826557,0.08990581089817125,0.18980115634058364,0.09465466523604026,0.17396280260506303,0.14990036038806293,0.1991893017561465,0.049288941368083566,1.0,0.5184876177518758,20841.0,48.50511666000093
0.95,0.15,Manual ABC,alpha,parameter,5,-0.47929073190026295,0.47959049674442644,0.47929073190026295,0.3423505227859021,0.01353940964624671,0.3439438010574282,0.33611660902512863,0.35044476919586026,0.01432816017073163,1.0,1.1843659309268912,10000.0,
0.95,0.15,Manual ABC,beta,parameter,5,-0.0456987200540661,0.045777611085433274,0.0456987200540661,0.306702819154806,0.02015751185770463,0.31100328613901124,0.2917545640939454,0.32249208708934846,0.030737522995403055,1.0,0.11979515261125517,10000.0,
0.95,0.15,Manual ABC,sigma_eta,parameter,5,0.05584370200327573,0.05740149555100439,0.05584370200327573,0.12409711556283495,0.03299949850547822,0.1124783366826206,0.10471727251989496,0.1464172439403115,0.04169997142041654,1.0,0.2477375647017548,10000.0,
0.95,0.15,Manual ABC,long_run_log_variance,derived,5,-0.4191069035912676,0.4332875247487422,0.4191069035912676,0.04191069035912676,0.012292010853106898,0.038691085027170044,0.03313336339692494,0.05421145410844339,0.02107809071151845,1.0,6.3128253686061875,10000.0,
0.95,0.15,Manual ABC,half_life_days,derived,5,-5.072105691563811,5.086668015341915,5.072105691563811,0.3753387703200122,0.03182190121366831,0.38001941720196863,0.3548641632653854,0.40070367607324076,0.045839512807855365,1.0,21.47014675689408,10000.0,
0.95,0.15,Manual ABC,stationary_log_volatility_variance,derived,5,0.02156934089037666,0.044406782486704585,0.03414686727531014,0.14796975819301064,0.13754099886314208,0.09602782547052321,0.040228710366256186,0.21292218580445407,0.17269347543819788,1.0,0.416378291106268,10000.0,
0.95,0.15,Auto ABC,alpha,parameter,5,-0.4274150258224136,0.4525237818850881,0.4274150258224136,0.3052964470160098,0.1187041234497981,0.34289835605545615,0.23355440054143475,0.3537533888304147,0.12019898828897993,0.8,1.127329015446684,10000.0,
0.95,0.15,Auto ABC,beta,parameter,5,-0.04144908149521256,0.04502980012890905,0.04144908149521256,0.27818175500142656,0.1320410193798834,0.28592342956002437,0.19408228249931284,0.2932415234752065,0.09915924097589365,0.8,0.1040560181838539,10000.0,
0.95,0.15,Auto ABC,sigma_eta,parameter,5,0.06913620521501182,0.08962590751354459,0.06913620521501182,0.15363601158891518,0.1417045358120812,0.1136869245140159,0.055632211815863766,0.1490235562752002,0.09339134445933643,0.8,0.2726892870166858,10000.0,
0.95,0.15,Auto ABC,long_run_log_variance,derived,5,-0.2416236004602858,0.5540552455245034,0.5085351442694851,0.0508535144269485,0.02458892589562213,0.06327019789173231,0.04689395116124686,0.06672788595229981,0.01983393479105295,1.0,7.467020094861918,10000.0,
0.95,0.15,Auto ABC,half_life_days,derived,5,-4.623992744565214,5.135019038008032,4.623992744565214,0.3421781516896317,0.18476286283421844,0.3848545532646621,0.21544690999927457,0.40592256147332384,0.19047565147404927,0.8,17.980162456625745,10000.0,
0.95,0.15,Auto ABC,stationary_log_volatility_variance,derived,5,0.09023239653089467,0.14818987724103552,0.10499319896618173,0.45497052885345435,0.506663496837371,0.15990869304894317,0.08857498348548103,0.8050914960370151,0.7165165125515341,1.0,0.6717194064370332,10000.0,
0.95,0.15,Wasserstein ABC,alpha,parameter,5,-0.5166394900612354,0.5166777920082252,0.5166394900612354,0.36902820718659674,0.00502405335289922,0.36878274394026833,0.366153593871945,0.3734646845456331,0.00731109067368807,1.0,1.20092179315652,10000.0,
0.95,0.15,Wasserstein ABC,beta,parameter,5,-0.050534515779410906,0.05053577233307745,0.050534515779410906,0.33915782402289196,0.0026740591575282286,0.3388390125975037,0.3379097131093055,0.3412990088339842,0.003389295724678665,1.0,0.12010741145322187,10000.0,
0.95,0.15,Wasserstein ABC,sigma_eta,parameter,5,0.11232886284612745,0.11233158570793242,0.11232886284612745,0.2496196952136165,0.001943204929458156,0.24945385283644964,0.24859748537183662,0.2507467383892606,0.002149253017423969,1.0,0.42543695652652536,10000.0,
0.95,0.15,Wasserstein ABC,long_run_log_variance,derived,5,-0.12546665705744892,0.12866660172000519,0.12546665705744892,0.012546665705744892,0.003188283952620408,0.012830505552517834,0.010268870821506227,0.014070147900658015,0.003801277079151788,1.0,1.1205594434785913,10000.0,
0.95,0.15,Wasserstein ABC,half_life_days,derived,5,-5.460520308460869,5.461103857296055,5.460520308460869,0.4040816778116564,0.006604992908225781,0.4021395783002856,0.40152448625825904,0.4085310345929722,0.007006548334713147,1.0,20.6592277902083,10000.0,
0.95,0.15,Wasserstein ABC,stationary_log_volatility_variance,derived,5,0.2578144008145277,0.2578895685061999,0.2578144008145277,1.1171957368629535,0.03016427892540201,1.1056188131113012,1.095007979963273,1.1428069643294858,0.04779898436621277,1.0,1.510480691257568,10000.0,
0.95,0.15,ABC-SMC,alpha,parameter,5,-0.49887426006640345,0.5020547239159712,0.49887426006640345,0.35633875719028824,0.04505819967692114,0.34856497855864355,0.3429350106965387,0.3855513367962646,0.042616326099725876,1.0,1.1478154353618863,21231.6,48.86663114000112
0.95,0.15,ABC-SMC,beta,parameter,5,-0.044598779180320805,0.04496664997074579,0.044598779180320805,0.29932066563973686,0.04307116277587944,0.2947186048434858,0.28593449816162414,0.3262342529902411,0.040299754828616974,1.0,0.11473948120181994,21231.6,48.86663114000112
0.95,0.15,ABC-SMC,sigma_eta,parameter,5,0.05379209761124872,0.05408605699056538,0.05379209761124872,0.11953799469166382,0.013991133737578624,0.11465679806536758,0.11404848916765717,0.13284812487299186,0.01879963570533469,1.0,0.21183118121938688,21231.6,48.86663114000112
0.95,0.15,ABC-SMC,long_run_log_variance,derived,5,-0.7462368338187115,0.748416268994625,0.7462368338187115,0.07462368338187116,0.006381124066396652,0.07456419413753981,0.07168328883090994,0.08051933899310075,0.008836050162190814,1.0,6.079446616410266,21231.6,48.86663114000112
0.95,0.15,ABC-SMC,half_life_days,derived,5,-5.004612996031955,5.051914809504193,5.004612996031955,0.3703442716074471,0.05706279808844718,0.36951693356521254,0.34956506284555094,0.3964233307995066,0.046858267953955646,1.0,19.00215356197805,21231.6,48.86663114000112
0.95,0.15,ABC-SMC,stationary_log_volatility_variance,derived,5,0.01389435622459495,0.03057693365576448,0.025506674101832095,0.1105289211079391,0.08169776424995741,0.06588982938024564,0.059910280956490126,0.1372082409822313,0.07729796002574119,1.0,0.32544179999211825,21231.6,48.86663114000112
0.95,0.3,Manual ABC,alpha,parameter,5,-0.42341736083883247,0.42707178713348204,0.42341736083883247,0.30244097202773745,0.044521620419014384,0.3145188393030782,0.26632546899505866,0.33612529233615035,0.0697998233410917,1.0,1.1504064724923027,10000.0,
0.95,0.3,Manual ABC,beta,parameter,5,-0.03645370175347633,0.036875235893010665,0.03645370175347633,0.24465571646628406,0.041717935794325894,0.2514340617026404,0.21251734672482933,0.27432784141531286,0.061810494690483525,1.0,0.11160751255955899,10000.0,
0.95,0.3,Manual ABC,sigma_eta,parameter,5,0.08476233291796387,0.08713369927991448,0.08476233291796387,0.18836073981769746,0.0501619887388814,0.18445023080381637,0.1444562547908976,0.2050613930733384,0.060605138282440796,1.0,0.27129316716096746,10000.0,
0.95,0.3,Manual ABC,long_run_log_variance,derived,5,-0.8581948563090147,0.8615017101863196,0.8581948563090147,0.08581948563090148,0.00843118115887604,0.08630138093423093,0.08412783672833299,0.09289378408702173,0.008765947358688742,1.0,7.378092070884051,10000.0,
0.95,0.3,Manual ABC,half_life_days,derived,5,-4.35027316972927,4.4220196053502505,4.35027316972927,0.32192274399922843,0.06563671882609579,0.3402022114746824,0.266603573058916,0.37401722112328545,0.10741364806436943,1.0,19.722464590726116,10000.0,
0.95,0.3,Manual ABC,stationary_log_volatility_variance,derived,5,0.042801629061410204,0.17211996335364216,0.10549008575361563,0.11428092623308364,0.1647286775724585,0.016432904340613938,0.01136006702206332,0.15334833253410912,0.1419882655120458,1.0,1.015977376745925,10000.0,
0.95,0.3,Auto ABC,alpha,parameter,5,-0.1850014052789736,0.3342373609687234,0.24935079960829848,0.17810771400592748,0.17774593518781273,0.07390619372828695,0.04684780203126278,0.293372389510819,0.24652458747955625,0.8,0.9145164472053118,10000.0,
0.95,0.3,Auto ABC,beta,parameter,5,-0.01872463319072106,0.031097023291109846,0.0218988650108634,0.14697224839505635,0.1656686241086186,0.05157186684649323,0.045899503389455275,0.2298717796120487,0.1839722762225934,0.8,0.08367517161671423,10000.0,
0.95,0.3,Auto ABC,sigma_eta,parameter,5,0.06595855711914637,0.06851045470363099,0.06595855711914637,0.1465745713758808,0.04602409101164319,0.14014021758073017,0.10841409934674923,0.17906681788144832,0.0706527185346991,1.0,0.28814338146751034,10000.0,
0.95,0.3,Auto ABC,long_run_log_variance,derived,5,-0.03555546617589407,0.5246584003060949,0.41826611402379577,0.041826611402379574,0.03541184386458567,0.02759062786936344,0.0235090393063782,0.06808703409261199,0.044577994786233796,1.0,9.785490336482802,10000.0,
0.95,0.3,Auto ABC,half_life_days,derived,5,-0.04436172180112408,5.391900273666525,4.7935183601778295,0.3547231458145795,0.20425317193798037,0.3600277203364222,0.2732599493900017,0.5349871272178521,0.26172717782785043,0.8,26.566318261691787,10000.0,
0.95,0.3,Auto ABC,stationary_log_volatility_variance,derived,5,0.3802881360209291,0.5542211643194997,0.43830073738215425,0.4748257988306673,0.41083472867512366,0.48081958476134756,0.15711746201998475,0.6061819464131795,0.4490644843931947,1.0,2.8629073793848288,10000.0,
0.95,0.3,Wasserstein ABC,alpha,parameter,5,-0.4928857292045228,0.49289604894876166,0.4928857292045228,0.3520612351460878,0.002547134222237615,0.3521280827666273,0.351188074737563,0.35377489394706046,0.0025868192094974374,1.0,1.2223545872444967,10000.0,
0.95,0.3,Wasserstein ABC,beta,parameter,5,-0.04964067630903357,0.049647039945051756,0.04964067630903357,0.3331589014029098,0.005964433000875867,0.3324407773299556,0.32809343976606714,0.3389024568209192,0.010809017054852044,1.0,0.12233354979336883,10000.0,
0.95,0.3,Wasserstein ABC,sigma_eta,parameter,5,-0.025468525527111707,0.02569600785721381,0.025468525527111707,0.05659672339358157,0.008476192975817122,0.051917277349420185,0.051294675362622985,0.058455056715475254,0.007160381352852269,1.0,0.42856817668080105,10000.0,
0.95,0.3,Wasserstein ABC,long_run_log_variance,derived,5,0.01816772809754035,0.060526581599771416,0.05455588301997345,0.005455588301997345,0.0029307053503908414,0.006254558239190721,0.002842480491417554,0.007910399506782361,0.005067919015364807,1.0,1.1790050871007172,10000.0,
0.95,0.3,Wasserstein ABC,half_life_days,derived,5,-5.1250063254848355,5.127005598503696,5.1250063254848355,0.3792534479889125,0.011844882105262146,0.37520294752254546,0.37399082736526995,0.3901451131488901,0.01615428578362016,1.0,22.732572573381248,10000.0,
0.95,0.3,Wasserstein ABC,stationary_log_volatility_variance,derived,5,-0.3567989259588703,0.3569898825460602,0.3567989259588703,0.38653216978877636,0.01414064768998798,0.382816926063479,0.3784516651568039,0.38809141379630685,0.009639748639502954,1.0,2.0454224045491056,10000.0,
0.95,0.3,ABC-SMC,alpha,parameter,5,-0.42749930322477453,0.4327444814956324,0.42749930322477453,0.3053566451605533,0.05364359429334719,0.31018205582713304,0.26288835085272944,0.3537685349838592,0.09088018413112975,1.0,1.1297668037900905,20470.4,47.150974340001994
0.95,0.3,ABC-SMC,beta,parameter,5,-0.034624811886976394,0.035302969077733344,0.034624811886976394,0.2323812878320563,0.05167241946889657,0.2423751330073759,0.17913711484970465,0.2781559189755626,0.09901880412585792,1.0,0.10448011376789604,20470.4,47.150974340001994
0.95,0.3,ABC-SMC,sigma_eta,parameter,5,0.09483593661467782,0.09771203246776233,0.09483593661467782,0.21074652581039516,0.05846738118771601,0.20003259615757107,0.16709730630196576,0.2401401832046008,0.07304287690263503,0.8,0.23537161477272872,20470.4,47.150974340001994
0.95,0.3,ABC-SMC,long_run_log_variance,derived,5,-1.1251008072804176,1.138444855941623,1.1251008072804176,0.11251008072804176,0.019430923638911,0.11176148889586575,0.10028603955055466,0.1139731122624239,0.013687072711869239,1.0,7.278933778608734,20470.4,47.150974340001994
0.95,0.3,ABC-SMC,half_life_days,derived,5,-4.305720185669854,4.4637478019457655,4.305720185669854,0.3186257972737764,0.09739647896475499,0.33781334926751355,0.2439464186220025,0.40467444261847846,0.16072802399647595,1.0,18.09602956978734,20470.4,47.150974340001994
0.95,0.3,ABC-SMC,stationary_log_volatility_variance,derived,5,0.11228068429646625,0.2173655512963956,0.14913960105493984,0.16156790114285155,0.19152785794701058,0.08041939289509631,0.0693276054015734,0.09982623288753267,0.030498627485959273,1.0,0.9661335936469332,20470.4,47.150974340001994
0.98,0.15,Manual ABC,alpha,parameter,5,-0.7199156561301975,0.7222119813822451,0.7199156561301975,0.5142254686644268,0.04595634928912978,0.5273563356691462,0.47115342296665763,0.536135210033761,0.06498178706710334,0.4,1.198174833401763,10000.0,
0.98,0.15,Manual ABC,beta,parameter,5,-0.067238324713716,0.06749097551427936,0.067238324713716,0.45126392425312745,0.043778422120283794,0.4654846129153377,0.4101214236953517,0.4674343545566379,0.05731293086128619,0.0,0.11568013750750172,10000.0,
0.98,0.15,Manual ABC,sigma_eta,parameter,5,0.17902578341418024,0.1805793193640171,0.17902578341418024,0.3978350742537338,0.058724059411537896,0.3733108408143107,0.3695199596087216,0.39592242254698884,0.026402462938267257,0.0,0.2918514147893094,10000.0,
0.98,0.15,Manual ABC,long_run_log_variance,derived,5,-0.7276980591366875,0.7294515419364588,0.7276980591366875,0.07276980591366876,0.0056514232302306315,0.07403003475279313,0.06784642735160773,0.076894168517188,0.00904774116558027,1.0,7.066401191558803,10000.0,
0.98,0.15,Manual ABC,half_life_days,derived,5,-24.925169436440907,24.941760871485446,24.925169436440907,0.7264776040165228,0.029640628664405286,0.7330621429700874,0.697534191484358,0.7455706871263698,0.048036495642011734,0.0,23.168264044622102,10000.0,
0.98,0.15,Manual ABC,stationary_log_volatility_variance,derived,5,0.12696430099646244,0.15925860792657218,0.12696430099646244,0.22345716975377433,0.18918332501688723,0.21839967435782168,0.09197333816020245,0.24548979606394186,0.1535164579037394,1.0,0.7893065509827382,10000.0,
0.98,0.15,Auto ABC,alpha,parameter,5,-0.3661231636381714,0.432779568645935,0.3661231636381714,0.2615165454558367,0.18428707101683975,0.2008226570118643,0.1431283574774773,0.24304500519760006,0.09991664772012276,0.8,0.9027281986309614,10000.0,
0.98,0.15,Auto ABC,beta,parameter,5,-0.03880481152456836,0.04318207909374029,0.03880481152456836,0.2604349766749554,0.14214856942605003,0.22515362525521812,0.1616775868718694,0.25676072495857766,0.09508313808670826,0.8,0.08961109514462695,10000.0,
0.98,0.15,Auto ABC,sigma_eta,parameter,5,0.18777711410137302,0.1892038403762941,0.18777711410137302,0.41728247578082883,0.05761990358803573,0.42808817656111003,0.3852326198470777,0.4283751162510482,0.0431424964039705,0.8,0.32849786273115517,10000.0,
0.98,0.15,Auto ABC,long_run_log_variance,derived,5,0.23117558879605477,0.5995640402919935,0.5623425500245336,0.05623425500245336,0.02325077817062368,0.056175390724399324,0.039020927583390375,0.07523145032930997,0.0362105227459196,1.0,10.738435721538263,10000.0,
0.98,0.15,Auto ABC,half_life_days,derived,5,-18.404647652818493,19.065495128470378,18.404647652818493,0.536428222230657,0.16215577092189976,0.5467206205775657,0.4005914898260734,0.5756441961545983,0.17505270632852488,0.8,36.212243638382624,10000.0,
0.98,0.15,Auto ABC,stationary_log_volatility_variance,derived,5,0.7763048995080488,0.8987809049841236,0.7763048995080488,1.3662966231341689,0.8912749698777255,1.0718361812102246,0.6979973915136539,2.2290465643419664,1.5310491728283124,1.0,3.5856303331562516,10000.0,
0.98,0.15,Wasserstein ABC,alpha,parameter,5,-0.8014961019674176,0.8015270647984533,0.8014961019674176,0.5724972156910126,0.005626226366240685,0.5715476715987511,0.5711857462373092,0.5717947436473508,0.0006089974100416118,0.0,1.218409606982323,10000.0,
0.98,0.15,Wasserstein ABC,beta,parameter,5,-0.07981076065726497,0.07981323749716075,0.07981076065726497,0.5356426889749326,0.004718096263736069,0.5383810859715238,0.5308830040651891,0.5385954458638942,0.007712441798705116,0.0,0.12112636887222727,10000.0,
0.98,0.15,Wasserstein ABC,sigma_eta,parameter,5,0.11693898241965055,0.11695243627826685,0.11693898241965055,0.2598644053770013,0.004407304597967131,0.25917789413481457,0.2591386581077451,0.26014759896976664,0.0010089408620215234,1.0,0.42708758911585515,10000.0,
0.98,0.15,Wasserstein ABC,long_run_log_variance,derived,5,-0.05001439463809554,0.08514781192571674,0.070676059486755,0.0070676059486754995,0.005309242520315277,0.004781729457380379,0.0034632723880379857,0.011599424033841288,0.008136151645803303,1.0,1.1478150228443051,10000.0,
0.98,0.15,Wasserstein ABC,half_life_days,derived,5,-26.039871559690614,26.040106242326782,26.039871559690614,0.7589670974081558,0.0036025912660601267,0.760086359919314,0.7561121024295537,0.7605814969142015,0.004469394484647782,0.0,21.45450783717351,10000.0,
0.98,0.15,Wasserstein ABC,stationary_log_volatility_variance,derived,5,-0.045268727089674776,0.047932309510651555,0.045268727089674776,0.07967295967782777,0.031003527937244098,0.08876608216373669,0.06830482633449307,0.09083647654645176,0.022531650211958687,1.0,1.7846063624182904,10000.0,
0.98,0.15,ABC-SMC,alpha,parameter,5,-0.6839574439783567,0.6896805325071107,0.6839574439783567,0.48854103141311206,0.07080735103353097,0.5162426755849137,0.4258721971322989,0.534725056949093,0.1088528598167941,0.0,1.1426361431533067,22717.6,53.44607198000013
0.98,0.15,ABC-SMC,beta,parameter,5,-0.062265459909032095,0.06286195806341731,0.062265459909032095,0.41788899267806767,0.0648260457951414,0.444159316205135,0.35972733058684514,0.4496625194588232,0.08993518887197804,0.4,0.10957424048469036,22717.6,53.44607198000013
0.98,0.15,ABC-SMC,sigma_eta,parameter,5,0.1677634940759392,0.1703282734995448,0.1677634940759392,0.3728077646131983,0.07316187062523044,0.33351423746643516,0.32768716347885934,0.39072646333939937,0.06303929986054002,0.0,0.2759377739535543,22717.6,53.44607198000013
0.98,0.15,ABC-SMC,long_run_log_variance,derived,5,-0.917622090836123,0.9245277844937759,0.917622090836123,0.0917622090836123,0.012610175806918669,0.09193397554144837,0.08989899829830109,0.09473755949344032,0.004838561195139229,1.0,7.004401343828488,22717.6,53.44607198000013
0.98,0.15,ABC-SMC,half_life_days,derived,5,-24.30268175437642,24.35890179068676,24.30268175437642,0.7083343628662802,0.05389863879906917,0.7330459691846881,0.658658520555302,0.7387668150867908,0.08010829453148871,0.4,21.969991933175937,22717.6,53.44607198000013
0.98,0.15,ABC-SMC,stationary_log_volatility_variance,derived,5,0.1175624535100865,0.15764720030133797,0.1175624535100865,0.20690991817775267,0.20667553885583775,0.1937902589577576,0.08787480527074706,0.19857724751986391,0.11070244224911685,1.0,0.7698166041652051,22717.6,53.44607198000013
0.98,0.3,Manual ABC,alpha,parameter,5,-0.4673135109660468,0.46966315894083316,0.4673135109660468,0.33379536497574774,0.037470782281515715,0.3307040320777114,0.32882029277980374,0.35857402130959753,0.0297537285297938,1.0,1.179045401608692,10000.0,
0.98,0.3,Manual ABC,beta,parameter,5,-0.04057875100660611,0.04079968592642281,0.04057875100660611,0.2723406107825913,0.031816733616219006,0.2680707161512857,0.2651921309394578,0.2942540139379218,0.02906188299846396,1.0,0.10006705848582002,10000.0,
0.98,0.3,Manual ABC,sigma_eta,parameter,5,0.11356371363818837,0.11374079456767638,0.11356371363818837,0.2523638080848631,0.015762765469496853,0.25408525860207115,0.2450809241185867,0.263015442002398,0.017934517883811313,1.0,0.23944344026379266,10000.0,
0.98,0.3,Manual ABC,long_run_log_variance,derived,5,-1.1700263431863074,1.1704093577276868,1.1700263431863074,0.11700263431863074,0.003347426075758571,0.1156933084874316,0.11563007648261774,0.12020170257413057,0.004571626091512834,1.0,9.311207863346288,10000.0,
0.98,0.3,Manual ABC,half_life_days,derived,5,-20.147368029988264,20.20304572231204,20.147368029988264,0.5872221527315301,0.04884315701422008,0.5910735453745634,0.5885890123047869,0.6162337305139965,0.027644718209209662,1.0,35.332621468496555,10000.0,
0.98,0.3,Manual ABC,stationary_log_volatility_variance,derived,5,-0.5821023521488428,0.6237460894394867,0.5821023521488428,0.2561250349454914,0.11023738314541297,0.2769030841165282,0.2574331568819328,0.28701177457020605,0.029578617688273245,1.0,2.7056292080030957,10000.0,
0.98,0.3,Auto ABC,alpha,parameter,5,-0.25935309261659906,0.27042796159415927,0.25935309261659906,0.18525220901185646,0.06117084515770008,0.1669192000199194,0.13685355865488283,0.2213009073820567,0.08444734872717388,1.0,0.8575574967207317,10000.0,
0.98,0.3,Auto ABC,beta,parameter,5,-0.02810262791326106,0.02903154425451788,0.02810262791326106,0.1886082410285977,0.05466445330792371,0.1727547680724965,0.1427494053636455,0.21415461413658304,0.07140520877293755,1.0,0.08022460168804357,10000.0,
0.98,0.3,Auto ABC,sigma_eta,parameter,5,0.08867253697585778,0.08938821606783198,0.08867253697585778,0.19705008216857284,0.028046957764486728,0.19071842098164826,0.18909415021644066,0.21029440611800798,0.021200255901567322,1.0,0.2800773075226111,10000.0,
0.98,0.3,Auto ABC,long_run_log_variance,derived,5,0.0541794087241211,0.10916444785096106,0.10154945756747757,0.010154945756747757,0.0044785381855526624,0.010947533381381191,0.007826190088192676,0.012115641667748455,0.00428945157955578,1.0,12.562295671513175,10000.0,
0.98,0.3,Auto ABC,half_life_days,derived,5,-15.91882369751552,16.279968070303976,15.91882369751552,0.46397553798068997,0.11112181631623538,0.45747191023090017,0.3628511544812403,0.532650225252811,0.16979907077157075,1.0,42.880156993099156,10000.0,
0.98,0.3,Auto ABC,stationary_log_volatility_variance,derived,5,-0.23257600174998688,0.374573488946877,0.28375026747786175,0.12485011769025944,0.12028899537112676,0.06360121886335952,0.04687270499819557,0.218294381217898,0.17142167621970242,1.0,5.44561075754905,10000.0,
0.98,0.3,Wasserstein ABC,alpha,parameter,5,-0.7449975028469671,0.7451968271767263,0.7449975028469671,0.5321410734621195,0.01376349027565815,0.5278576623208477,0.5248486178596695,0.5294502707549525,0.004601652895283026,0.6,1.2556751214902344,10000.0,
0.98,0.3,Wasserstein ABC,beta,parameter,5,-0.07713538795489387,0.0771415140856367,0.07713538795489387,0.5176871674825091,0.0072947820941245784,0.5165730810662554,0.5119028928752128,0.5249601689588015,0.013057276083588643,0.6,0.1277230736075347,10000.0,
0.98,0.3,Wasserstein ABC,sigma_eta,parameter,5,-0.0002294009678024622,0.007524616571807969,0.005928085589610022,0.013173523532466713,0.011514257344321696,0.0095328288496198,0.0058468452401859595,0.024675429802671775,0.018828584562485817,1.0,0.42534408798769174,10000.0,
0.98,0.3,Wasserstein ABC,long_run_log_variance,derived,5,0.2531401876438526,0.2844568168569536,0.2531401876438526,0.02531401876438526,0.014506776888762006,0.027442573931146262,0.023379818107824947,0.03391077373054578,0.010530955622720835,1.0,1.1944774322434308,10000.0,
0.98,0.3,Wasserstein ABC,half_life_days,derived,5,-25.27925660807737,25.280105248872662,25.27925660807737,0.7367979511146399,0.006749970301234758,0.7336017181820803,0.7319341217419202,0.7432695182632697,0.011335396521349517,0.6,30.254903139749615,10000.0,
0.98,0.3,Wasserstein ABC,stationary_log_volatility_variance,derived,5,-1.5747259285601136,1.5751413261358354,1.5747259285601136,0.6928794085664512,0.017794499925261397,0.6908996447573247,0.6810711650857685,0.7043281854159597,0.02325702033019117,1.0,2.5653395693269556,10000.0,
0.98,0.3,ABC-SMC,alpha,parameter,5,-0.40601775275614027,0.41122603452371703,0.40601775275614027,0.2900126805401002,0.05210147524348845,0.2996249258336023,0.27322491867735954,0.328921096331959,0.055696177654599444,1.0,1.1124448044754573,17114.8,38.17441738000052
0.98,0.3,ABC-SMC,beta,parameter,5,-0.033972752681744864,0.03438428723175084,0.033972752681744864,0.22800505155533463,0.03979820759599019,0.22941531142906127,0.2158435886465931,0.26146310904857084,0.04561952040197775,1.0,0.08972650080364712,17114.8,38.17441738000052
0.98,0.3,ABC-SMC,sigma_eta,parameter,5,0.11903574920208082,0.11933768214857879,0.11903574920208082,0.26452388711573516,0.02107786746518425,0.27032082827025405,0.2524209132350003,0.27290783197099566,0.02048691873599534,1.0,0.23775296239356175,17114.8,38.17441738000052
0.98,0.3,ABC-SMC,long_run_log_variance,derived,5,-1.358746527283951,1.365029439779256,1.358746527283951,0.1358746527283951,0.014625852991310199,0.14163027054291,0.12763273529998181,0.14258799177496365,0.014955256474981832,1.0,8.939703364104938,17114.8,38.17441738000052
0.98,0.3,ABC-SMC,half_life_days,derived,5,-17.973322984091958,18.115552640820624,17.973322984091958,0.5238566843444769,0.0738279610261173,0.5409422424125115,0.5204088574712824,0.5724817805465032,0.05207292307522082,1.0,42.966109708042175,17114.8,38.17441738000052
0.98,0.3,ABC-SMC,stationary_log_volatility_variance,derived,5,-0.2873757318346962,0.4748692814100518,0.45931680025996985,0.20209939211438716,0.05929583935702201,0.18913517526780135,0.15836475142418674,0.21837453057562822,0.060009779151441484,1.0,3.203598807909329,17114.8,38.17441738000052
