dataset,block_length,permutation,manual_distance,auto_distance,wasserstein_distance,squared_acf_1,squared_acf_5
synthetic,1,1,3.6920217921712766,5.827488658538762,0.0,-0.010657949404740382,0.011886542898739428
synthetic,1,2,4.106029949550662,5.834697687976437,0.0,-0.01686557563157209,-0.013222827556773946
synthetic,1,3,4.110930201043956,5.834697687976437,0.0,-0.001309034690852426,-0.018920510912461264
synthetic,1,4,3.7908228712530954,5.670525153135845,0.0,-0.016211888321428572,0.007456671881898611
synthetic,1,5,3.188483305354289,5.8245689019697355,0.0,-0.004734466616008456,0.044759929223850574
synthetic,1,6,3.8967971827151797,5.834697687976437,0.0,0.006715334863611667,-0.0080006293988475
synthetic,1,7,4.014967926697113,5.834697687976437,0.0,-0.01962026703848769,-0.006213492207567006
synthetic,1,8,3.810863218483351,5.791216419611665,0.0,-0.010624884149045017,0.0038777290156211544
synthetic,1,9,4.04255356901705,5.833057815198232,0.0,-0.016887128965033794,-0.009063724677695218
synthetic,1,10,3.918553803022593,5.834697687976437,0.0,-0.00718123265649418,-0.004527527385884007
synthetic,1,11,3.911706097279974,5.532559013471249,0.0,-0.002019966570965778,-0.005941101659492843
synthetic,1,12,4.036099426501366,5.834697687976437,0.0,-0.005688261393889562,-0.012670457748124935
synthetic,1,13,3.9816610289091954,5.796231923198152,0.0,0.010346684360936479,-0.014550935675410088
synthetic,1,14,4.021905039690805,5.842933071256521,0.0,0.009927292347840067,-0.016939015855461256
synthetic,1,15,3.715711935298839,5.833057815198232,0.0,0.0032101088247360235,0.004914831036455498
synthetic,1,16,3.2820540961329265,5.833157768690909,0.0,0.027377231808161383,0.024386423260919762
synthetic,1,17,3.6174999588984393,5.810151817570242,0.0,0.041165320198932084,-0.0013597643452444182
synthetic,1,18,3.75439176243143,5.46437393322433,0.0,-0.009665485472627017,0.0072775480124078005
synthetic,1,19,3.9342719040594987,5.834697687976437,0.0,-0.00448813892843274,-0.006523366401261315
synthetic,1,20,3.168431718836047,5.829636385094686,0.0,0.016419632388978703,0.03637092219104418
synthetic,1,21,3.8064572049427214,5.786215245987104,0.0,0.014036232196644011,-0.0047044418801053456
synthetic,1,22,4.021268909002573,5.834697687976437,0.0,6.133834036122252e-05,-0.013686456198988834
synthetic,1,23,3.6653537108201575,5.834697687976437,0.0,-0.01636853453541285,0.016118432806576023
synthetic,1,24,3.6011661872007856,5.834697687976437,0.0,-0.0016937974532846576,0.014395992440644264
synthetic,1,25,3.922757527806953,5.835222081297485,0.0,-0.0024371269093179716,-0.00650761535384362
synthetic,1,26,4.263480940479794,5.834697687976437,0.0,-0.020538366801491705,-0.022116960521435504
synthetic,1,27,3.903727600555702,5.834697687976437,0.0,0.004450004827044095,-0.007676116057808727
synthetic,1,28,4.037025739384402,5.788147743698058,0.0,-0.00937374969654695,-0.01143578557113352
synthetic,1,29,3.639639254488887,5.835222081297485,0.0,0.003594478131609483,0.009772047489326413
synthetic,1,30,3.813622125132804,5.833057815198232,0.0,-0.0032438514136910452,0.0008873396289604939
synthetic,1,31,3.881765406177316,5.834697687976437,0.0,-0.00757449271349099,-0.0019745798763452288
synthetic,1,32,3.9505461640776334,5.834697687976437,0.0,-0.013929174445403581,-0.004118327931330159
synthetic,1,33,3.8051208825065164,5.817311113460514,0.0,0.006857011139984504,-0.0021865641565709535
synthetic,1,34,3.5307662428012194,5.834697687976437,0.0,0.01702217455728362,0.011941181653641114
synthetic,1,35,4.223669468406015,5.8056167169786335,0.0,-0.008510338594231497,-0.02368272637884249
synthetic,1,36,3.597817741344442,5.833057815198232,0.0,-0.0009310504466437486,0.014316571015304402
synthetic,1,37,3.7415377472458498,5.834697687976437,0.0,0.0028768599176381415,0.0033492370335801024
synthetic,1,38,3.693463725022382,5.834697687976437,0.0,0.008972333652548197,0.004272637226178357
synthetic,1,39,3.9758225174575914,5.834697687976437,0.0,-0.012669787444522478,-0.0062524884098869695
synthetic,1,40,3.5873844287702465,5.842933071256521,0.0,0.030436333264261876,0.0037814616010343827
synthetic,1,41,3.7363195987331053,5.835222081297485,0.0,0.026826808812773193,-0.004394561356856584
synthetic,1,42,3.700598845115774,5.834697687976437,0.0,-0.019598754468377673,0.015074605211489789
synthetic,1,43,3.6985862170972834,5.834697687976437,0.0,-0.025676472520902868,0.01791901447483519
synthetic,1,44,3.913397486795626,5.833057815198232,0.0,0.013750220945762823,-0.01135312555730983
synthetic,1,45,3.747090808051509,5.834697687976437,0.0,0.007320086322977047,0.001390083772371849
synthetic,1,46,3.7451532493954476,5.535076702240046,0.0,-0.0005072387018543372,0.004363677399616446
synthetic,1,47,3.6768683827056656,5.792363457782474,0.0,-0.003115916895052031,0.009884906791022987
synthetic,1,48,3.930944357877451,5.804619988078345,0.0,0.015200661402804532,-0.012910616437629335
synthetic,1,49,3.5412809084182624,5.832788309902653,0.0,0.0072654118852916805,0.014882239923489797
synthetic,1,50,4.274629879046757,5.808779373951141,0.0,-0.015130507073954752,-0.02470310840062502
synthetic,1,51,4.191825185474994,5.834697687976437,0.0,0.01740382486461802,-0.029672922869989845
synthetic,1,52,3.158223384043775,5.844303678989253,0.0,0.0013212017423570503,0.043981096023564197
synthetic,1,53,4.030091215296027,5.834697687976437,0.0,-0.030826768315807197,-0.002794393296740497
synthetic,1,54,4.2486888898910395,5.834697687976437,0.0,0.012837023021581198,-0.03184223154284467
synthetic,1,55,4.2153688548627155,5.834697687976437,0.0,0.011335651966839572,-0.02936198728696179
synthetic,1,56,3.9855759000737954,5.834697687976437,0.0,-0.012302237650445812,-0.007027569644092141
synthetic,1,57,3.4394503474815443,5.834697687976437,0.0,0.040424235589249694,0.009885139744426105
synthetic,1,58,3.890665837486615,5.832788309902653,0.0,-0.012830348165146636,-0.0005761405994094451
synthetic,1,59,3.7821139733990714,5.834697687976437,0.0,0.006232846533769426,-0.0004872871674786964
synthetic,1,60,3.921304569318064,5.803330128695993,0.0,-0.003047625240519301,-0.006197084157046952
synthetic,1,61,4.097223091006206,5.834697687976437,0.0,0.004369069850999548,-0.01989566012779731
synthetic,1,62,3.697881329203883,5.834748419405679,0.0,-0.005784461450070917,0.009529170043486827
synthetic,1,63,3.622125966457806,5.833057815198232,0.0,-0.013980927286590646,0.0180808155260344
synthetic,1,64,3.7157608707453065,5.833980371376194,0.0,0.005085505981649455,0.004224865286469203
synthetic,1,65,3.9579921628054824,5.834697687976437,0.0,0.01066462461371608,-0.013166618086918883
synthetic,1,66,4.129094545518924,5.676971116981094,0.0,-0.023553761039822957,-0.012260359227204703
synthetic,1,67,3.7973759418877515,5.834697687976437,0.0,0.03519573723934604,-0.010653344862243404
synthetic,1,68,4.056740896286414,5.834697687976437,0.0,-0.007867482312584453,-0.013238826668560785
synthetic,1,69,3.7486212517813264,5.834697687976437,0.0,0.007796979737589927,0.0011228134425056988
synthetic,1,70,3.9907787428488857,5.834697687976437,0.0,-0.002654658288597786,-0.010811629306575761
synthetic,1,71,3.8514338017133842,5.834697687976437,0.0,0.01587700818015547,-0.008142274118544656
synthetic,1,72,3.933761258833784,5.833980371376194,0.0,-0.01620149580488492,-0.002139471383147466
synthetic,1,73,4.023134914120933,5.834697687976437,0.0,-0.002855446758304607,-0.01281589219919472
synthetic,1,74,3.786703727862668,5.84423364819543,0.0,-0.0034899400543744814,0.0027475843977602214
synthetic,1,75,3.514376254288122,5.833057815198232,0.0,-0.013063268384576256,0.02520950802790391
synthetic,1,76,4.014890980367055,5.833980371376194,0.0,0.002908637410087944,-0.014230941973904135
synthetic,1,77,4.347760840652348,5.839932440569667,0.0,-0.005859063237723945,-0.03234671139500459
synthetic,1,78,4.0011604418333535,5.803545821534259,0.0,-0.0008783469812155942,-0.012086107998213753
synthetic,1,79,3.7248008574407625,5.802422877493929,0.0,-0.008879398676506934,0.008952075151650791
synthetic,1,80,3.890725796027829,5.839932440569667,0.0,0.005924259080614089,-0.0073468086321449915
synthetic,1,81,3.7623851367769667,5.833057815198232,0.0,-0.013949736141258868,0.008460808560521766
synthetic,1,82,3.710173319536277,5.835222081297485,0.0,0.024441563698436333,-0.0020111491341039747
synthetic,1,83,3.5984989202342756,5.833980371376194,0.0,0.011948822978980955,0.009369925773217807
synthetic,1,84,3.9836850599983245,5.834697687976437,0.0,-0.019869018198437,-0.004040549028751474
synthetic,1,85,4.1245125317920115,5.834697687976437,0.0,-0.005731808564263931,-0.018310400745374017
synthetic,1,86,3.728449936128603,5.834697687976437,0.0,0.016488717482786023,-0.0005700521966419732
synthetic,1,87,4.1686817615596805,5.832788309902653,0.0,0.02088125737518274,-0.02924368746188593
synthetic,1,88,4.12454921027252,5.803688934917929,0.0,-5.594898482990287e-05,-0.02019038757476892
synthetic,1,89,4.047412575455181,5.834697687976437,0.0,-0.005598990716815898,-0.013427676049926625
synthetic,1,90,3.9439730949680376,5.778023679206603,0.0,-0.022482693679841733,-0.0003526543440414029
synthetic,1,91,4.242373010666437,5.7952619109078825,0.0,-0.014571261785910634,-0.022832457637899525
synthetic,1,92,3.9620264547289112,5.834697687976437,0.0,0.0059018160389924966,-0.011871253976026522
synthetic,1,93,3.9398892524587015,5.827488658538762,0.0,-0.02119141637756941,-0.000593550499593175
synthetic,1,94,4.092724587312046,5.828868382177403,0.0,0.00659410116107634,-0.020318494976597583
synthetic,1,95,3.8796113127440957,5.834697687976437,0.0,-0.010474558914252178,-0.0007433910779498232
synthetic,1,96,3.7610108825096287,5.835222081297485,0.0,0.036894009645219876,-0.008916411493580703
synthetic,1,97,3.755637557546647,5.834697687976437,0.0,0.0034012492225501735,0.0022392641373720173
synthetic,1,98,3.9244780336736054,5.834697687976437,0.0,-0.004777821838409137,-0.005784388627384145
synthetic,1,99,4.057443931624362,5.833057815198232,0.0,0.002220414073246658,-0.016697037528616714
synthetic,1,100,4.037443563464197,5.833980371376194,0.0,0.019100758892784463,-0.020701727788468738
synthetic,5,1,3.727436762939176,5.818110271064302,0.0,0.1707033552734383,-0.029566745757249383
synthetic,5,2,3.5705056718265635,5.794228918516343,0.0,0.16824605081140762,-0.02087350532129178
synthetic,5,3,3.074295632926774,5.727189090541936,0.0,0.19896934107419117,0.004474980693729925
synthetic,5,4,2.946380880576286,5.747017630140379,0.0,0.16982695137853712,0.013001804615910639
synthetic,5,5,3.065486265226464,5.755489079548921,0.0,0.17303460392836384,0.006260994390455973
synthetic,5,6,3.3874876400427913,5.797711707833887,0.0,0.19386714014502374,-0.01228693804717707
synthetic,5,7,2.736724479169331,5.757732532757235,0.0,0.19858242171287968,0.02271924794825439
synthetic,5,8,3.0714287629792225,5.762311279595037,0.0,0.17529125597703296,0.005776556814826893
synthetic,5,9,2.835911002189552,5.764774683337942,0.0,0.17241867450675466,0.01881639961828583
synthetic,5,10,3.3661039470506884,5.653790152447822,0.0,0.17536180398921677,-0.010240001333792898
synthetic,5,11,3.0988477828266046,5.690229439575595,0.0,0.17651407871604105,0.0042029887472196815
synthetic,5,12,2.8015105281726624,5.728444344742351,0.0,0.17582008202070198,0.020425988999654955
synthetic,5,13,3.4681018217171053,5.8429676677561835,0.0,0.17742074366227967,-0.015900055343850226
synthetic,5,14,2.832053025411778,5.753802275472782,0.0,0.18099545189937227,0.01840447224948667
synthetic,5,15,3.3196087898174333,5.735557222163177,0.0,0.17026793535892082,-0.007367974978690164
synthetic,5,16,3.360969829709859,5.701896473525903,0.0,0.16213831869962683,-0.008983841086870507
synthetic,5,17,3.262278813132648,5.810813183223037,0.0,0.1666346563632186,-0.003969119051851803
synthetic,5,18,3.2700000444598145,5.738533900377427,0.0,0.16959994597427738,-0.004618585130784034
synthetic,5,19,3.4871055666758886,5.827915857037956,0.0,0.17087602875873953,-0.01652028870924987
synthetic,5,20,3.277999482770636,5.761456418219716,0.0,0.17037414228044206,-0.005111212517322684
synthetic,5,21,3.116069030517051,5.72912588947546,0.0,0.17866038328226316,0.0031291810409621516
synthetic,5,22,3.427771200137735,5.748182001552079,0.0,0.17125520850850603,-0.013320548032070207
synthetic,5,23,3.579198507693173,5.705412653578711,0.0,0.18017834541681982,-0.02207422244808967
synthetic,5,24,3.191130168326995,5.717585373053344,0.0,0.1766355747933964,-0.0008186102828323033
synthetic,5,25,3.382330944331495,5.6245504039539345,0.0,0.16958513621183383,-0.010731748337807183
synthetic,5,26,2.8064361812799863,5.780297789829674,0.0,0.17132296912617054,0.02051469225222926
synthetic,5,27,3.685553505292424,5.79838805338129,0.0,0.1732622927794765,-0.027451916241999344
synthetic,5,28,3.2369539484956356,5.739809778782996,0.0,0.1763739604549732,-0.0032906810280751014
synthetic,5,29,3.2944848977132386,5.741575540602503,0.0,0.16773324094472525,-0.005810597972938271
synthetic,5,30,3.3413285151108707,5.681581009301471,0.0,0.17593717216962435,-0.00893089242299609
synthetic,5,31,2.739050858792168,5.751519454590085,0.0,0.18213602011227784,0.023382586432185076
synthetic,5,32,3.325909250591779,5.824652137165654,0.0,0.17421393169086286,-0.007982880061027361
synthetic,5,33,3.5081473718265204,5.64907653007908,0.0,0.1798134336285882,-0.018204736023525184
synthetic,5,34,3.4022474532214297,5.729693850265984,0.0,0.16741031363876493,-0.011655815423310296
synthetic,5,35,2.8704273741746182,5.704879692048514,0.0,0.1626064423537896,0.017809850353170516
synthetic,5,36,3.7199655941020247,5.802188486804331,0.0,0.1767730459995781,-0.029521253944952627
synthetic,5,37,3.075874607935627,5.736902874489389,0.0,0.16664449624960814,0.0062000288898809205
synthetic,5,38,3.310523772977049,5.799024256044566,0.0,0.1860353427206504,-0.007812682155159319
synthetic,5,39,3.509166089606631,5.77634107630306,0.0,0.17210372653054146,-0.017801003469892874
synthetic,5,40,3.3877943863453295,5.741169284240215,0.0,0.1797164954686013,-0.01167533758711716
synthetic,5,41,2.652875826000824,5.7751586599486275,0.0,0.17574395853539293,0.028530443170724243
synthetic,5,42,3.3345979013734692,5.739989302894624,0.0,0.19239384464070933,-0.009377725872013822
synthetic,5,43,3.3783410225294164,5.78826959099106,0.0,0.16745267724947405,-0.010357080619096928
synthetic,5,44,3.310552123580145,5.809396427025017,0.0,0.17026817192482502,-0.006875139138136699
synthetic,5,45,2.856765858307679,5.670121626605238,0.0,0.1695758208377298,0.017914815527649626
synthetic,5,46,2.6376828718524035,5.3880534351837035,0.0,0.16898692676169574,0.029947376450540537
synthetic,5,47,3.005481865055312,5.701041689159446,0.0,0.1710414217438573,0.009680929425505896
synthetic,5,48,3.3795207241228256,5.657234193589771,0.0,0.17939446471426637,-0.011208690107233361
synthetic,5,49,2.7271747575720156,5.248083190451849,0.0,0.18169933814478811,0.024056012074681762
synthetic,5,50,2.6203522596436795,5.758594853033046,0.0,0.18472252096391478,0.029664939146756417
synthetic,5,51,2.9233852171604875,5.770797001916196,0.0,0.16604905080888407,0.014584423229405754
synthetic,5,52,3.253646157383289,5.798791238044148,0.0,0.18104068409744936,-0.004475678137226365
synthetic,5,53,2.127341363119159,5.7777156208225176,0.0,0.18681887381795026,0.056315430920354646
synthetic,5,54,3.3017709516250524,5.31884701026329,0.0,0.18672158142304376,-0.007370581421165298
synthetic,5,55,3.51640105467285,5.809437032958687,0.0,0.1677436196128047,-0.01789431779668782
synthetic,5,56,3.018497479261633,4.984890964562294,0.0,0.17726451876382252,0.008519562279682796
synthetic,5,57,3.3749413652559768,5.8063405046429395,0.0,0.19104333839104787,-0.011508701012566375
synthetic,5,58,3.0296302304369696,5.8171830903143675,0.0,0.18256631501147544,0.007585961218291117
synthetic,5,59,3.130490196868446,5.671921264752539,0.0,0.19146083059291505,0.0016927005274413993
synthetic,5,60,3.008332916359794,5.7454152716879285,0.0,0.18243440983366868,0.00874869005574455
synthetic,5,61,3.3603107111326422,5.756823040071804,0.0,0.18769208407493154,-0.010581584073232005
synthetic,5,62,2.8692424393402445,5.607601486253746,0.0,0.17181509650845675,0.017047349324136946
synthetic,5,63,3.3786869027335156,5.758415106136907,0.0,0.17164214059055918,-0.010678441240487202
synthetic,5,64,2.8062984754954727,5.726607598959612,0.0,0.16806821094067065,0.020805380768899658
synthetic,5,65,3.341530878234251,5.836096160213297,0.0,0.17530837491165796,-0.00890220438237217
synthetic,5,66,3.3485264521978304,5.635098784814005,0.0,0.17139267168339561,-0.009021078555224788
synthetic,5,67,3.2461306948800606,5.741206184438043,0.0,0.159394059300901,-0.002463642985988985
synthetic,5,68,2.873150916758539,5.694084100021057,0.0,0.16957979551280095,0.017019708325595524
synthetic,5,69,3.2336921222698263,5.659100832333906,0.0,0.1663403698125688,-0.002386604583351805
synthetic,5,70,2.992770478362784,5.643265473198377,0.0,0.16576535620371174,0.010816144698372604
synthetic,5,71,2.952995344858816,5.756149293563643,0.0,0.17348919580431255,0.012351912920309072
synthetic,5,72,2.7067154589068916,5.562560795766692,0.0,0.19995188630382066,0.02429825830796331
synthetic,5,73,3.395304289509776,5.714879208711925,0.0,0.167795606688409,-0.011306603474460726
synthetic,5,74,2.6534580189705226,5.735857457285342,0.0,0.1787455393159161,0.028269318222283235
synthetic,5,75,2.8913700959005837,5.746604627586571,0.0,0.1675464987415172,0.016200906682838606
synthetic,5,76,3.081457182419506,5.125633297525251,0.0,0.1793027609088417,0.004968323646240332
synthetic,5,77,3.372054552607929,5.721613201279618,0.0,0.18058771692593453,-0.010870034799745944
synthetic,5,78,3.48341404317696,5.642096685573908,0.0,0.17175478119244064,-0.016378696011361476
synthetic,5,79,3.11074893115412,5.791830491239599,0.0,0.1794078296411398,0.0033717816765920254
synthetic,5,80,3.4840828776311312,5.840985113148545,0.0,0.1784401221103488,-0.016824883156924698
synthetic,5,81,3.477138498207708,5.6677116612853,0.0,0.17694547968361166,-0.016362580091896343
synthetic,5,82,3.4804279685708535,5.806143140067008,0.0,0.1716587765910625,-0.01621002273469552
synthetic,5,83,3.3042317851077985,5.81665717973548,0.0,0.17208037040868565,-0.006660152428263913
synthetic,5,84,3.4930378778290567,5.833436686927962,0.0,0.17150800659740484,-0.016885248144070036
synthetic,5,85,3.101300442439931,5.751585298683405,0.0,0.17965285449349003,0.0038696559328705617
synthetic,5,86,3.5508696126407173,5.8382889730664465,0.0,0.1748388364061738,-0.02023783906977702
synthetic,5,87,3.2486821801364227,5.768731999113188,0.0,0.16979827543382814,-0.0034726508468019756
synthetic,5,88,3.0757292048795564,5.2316074705196485,0.0,0.1679329898298854,0.006100348995421255
synthetic,5,89,3.358986870669837,5.740035232724346,0.0,0.16809406977071722,-0.009351390813398716
synthetic,5,90,2.764854247238453,5.709937743973552,0.0,0.16680480505259165,0.023189676628940822
synthetic,5,91,3.358750506739746,5.815696320475727,0.0,0.18434182218164147,-0.010343015521429834
synthetic,5,92,3.5683148557435937,5.598695695156521,0.0,0.16385235119234115,-0.020430643846191286
synthetic,5,93,2.761816634016125,5.787088485139599,0.0,0.17169383850372388,0.022919210557063634
synthetic,5,94,2.6561128189848655,5.7488825905023795,0.0,0.17194844656054167,0.02867049266229972
synthetic,5,95,2.9622518334297223,5.778906583713406,0.0,0.17144272022890975,0.012005711503373425
synthetic,5,96,2.955459166545996,5.723206375809891,0.0,0.16310095628928695,0.01310215237651238
synthetic,5,97,3.0938559688673677,5.321686967756518,0.0,0.16406338299206077,0.005441586238284886
synthetic,5,98,3.7042612607587353,5.803919356670827,0.0,0.1612430409778804,-0.027636029377042865
synthetic,5,99,2.394854993223713,5.2088247621917745,0.0,0.17135636204551952,0.04302425624737305
synthetic,5,100,3.2718718851472435,5.701238215519715,0.0,0.17263172276695996,-0.004938742713955502
synthetic,20,1,0.6724478658375556,1.5584601728976257,0.0,0.20742199172147904,0.1340064512760706
synthetic,20,2,0.9197327962528421,3.371140699264851,0.0,0.20370959986238987,0.12081251177292891
synthetic,20,3,0.6995809028745834,1.4782237090146297,0.0,0.20663478665102772,0.13258202696170157
synthetic,20,4,0.6412084383396707,1.4213744665979986,0.0,0.20783520371107678,0.1356769284537086
synthetic,20,5,0.8728505618014597,3.4870531999709513,0.0,0.20469679268630164,0.12329557282809094
synthetic,20,6,0.9696632738112501,3.09191549542356,0.0,0.2241513764346053,0.11799181207650418
synthetic,20,7,0.9435334760628582,3.622287469574244,0.0,0.20256635125544842,0.11959626664542015
synthetic,20,8,0.9621973145025617,1.6596184577124142,0.0,0.2008731771411137,0.11870609700452442
synthetic,20,9,0.436847365392298,1.3296183387942047,0.0,0.20350750095121214,0.1472952789992273
synthetic,20,10,0.9349138839579131,3.464594114105818,0.0,0.19881621365575142,0.12037251022471511
synthetic,20,11,0.9722565134963261,3.814127664607503,0.0,0.20966381153154984,0.11769102767242308
synthetic,20,12,0.7486563119836833,3.463804044918174,0.0,0.20523375066765373,0.13000828372377804
synthetic,20,13,0.6046700109954349,2.7219572654408317,0.0,0.2045884876401575,0.13791133818465795
synthetic,20,14,0.66428597487994,1.459888387123926,0.0,0.2094679420548584,0.13434291641854057
synthetic,20,15,0.676512760964828,3.2426772149326095,0.0,0.20732650935969973,0.13379158750667727
synthetic,20,16,0.7714266252986728,1.4973709811256042,0.0,0.20774395819641647,0.1286236271876059
synthetic,20,17,0.7955272206272185,3.7136223014825074,0.0,0.21524102377847906,0.1271471601485159
synthetic,20,18,0.7408075452369082,1.5099550574572689,0.0,0.1979296842997956,0.13114741200309843
synthetic,20,19,0.6848978753046866,3.6232936892573684,0.0,0.20527879641579985,0.13347467623842027
synthetic,20,20,0.8435818624769095,1.4983679591504708,0.0,0.20220028842095975,0.12506746238888974
synthetic,20,21,0.7857543127703792,1.5265625874804862,0.0,0.20291620410864142,0.1281635462836001
synthetic,20,22,1.0198093139406785,3.6875432669924457,0.0,0.2066847066465564,0.11522797120037911
synthetic,20,23,1.0368347392897457,3.697199985661197,0.0,0.2018929805531665,0.11456969907211176
synthetic,20,24,0.871704097567284,3.3839060630765965,0.0,0.20263116981611587,0.12350092138451227
synthetic,20,25,0.8893901907132563,1.6859812503021516,0.0,0.20047973437753236,0.12271186448448565
synthetic,20,26,0.39330156382179376,3.2037216366380954,0.0,0.2026741486586778,0.1498762931727684
synthetic,20,27,0.7896370142882748,1.51507373384368,0.0,0.19907335806943421,0.12831819330287078
synthetic,20,28,0.8121674764459031,3.3861976466177532,0.0,0.20328818796992887,0.1266938984627765
synthetic,20,29,0.6834972560317428,1.291792552889914,0.0,0.19888721551313174,0.134201952018607
synthetic,20,30,1.1192375543197377,3.403700470025912,0.0,0.20045898404444354,0.11018786415287864
synthetic,20,31,0.7665314959887608,1.5372588458929635,0.0,0.2006107381497188,0.12942639008515475
synthetic,20,32,1.1049494461001856,3.137534554836009,0.0,0.2062821082025241,0.11063919042407654
synthetic,20,33,0.8053810695413549,1.505128886416217,0.0,0.20471378063657408,0.12695989713166364
synthetic,20,34,0.9267671053432808,3.6382573642221514,0.0,0.20251024658301547,0.12051235805277583
synthetic,20,35,0.9637634527615523,2.977243755148819,0.0,0.2010195045833534,0.1186093258035396
synthetic,20,36,0.8619382433277989,3.63582428978756,0.0,0.2029946988201688,0.12400543660075566
synthetic,20,37,0.8412536567052875,3.297945953435248,0.0,0.20149678685281833,0.12525333399262634
synthetic,20,38,0.7851793948887534,3.339826372010535,0.0,0.21215155816737125,0.1277303889307252
synthetic,20,39,0.8917169159346543,3.4200917220844187,0.0,0.208055094216408,0.12209944824256619
synthetic,20,40,0.8494198358300045,1.6070684097966,0.0,0.20674252033347681,0.12444949950358845
synthetic,20,41,0.9569407280394749,1.736982432885647,0.0,0.20464132557151576,0.11873566643709092
synthetic,20,42,0.9953266770066328,1.707631488418597,0.0,0.20527627975272308,0.11662018857710882
synthetic,20,43,0.5479400903171918,1.371491495852861,0.0,0.20296376361805143,0.14119992771770887
synthetic,20,44,0.7775323302502637,1.5618270899812485,0.0,0.21265031026249834,0.1281345023302669
synthetic,20,45,0.6376219007436746,2.8606895808320743,0.0,0.2030107575730558,0.1362582067634916
synthetic,20,46,0.7891288404314019,3.3669458710970215,0.0,0.20029957254642003,0.1282177655475498
synthetic,20,47,1.1294416839403396,3.631850910952304,0.0,0.20084392949858773,0.10960693257283831
synthetic,20,48,0.7971141768909388,1.3913864371086433,0.0,0.20414775187069634,0.12744928969603384
synthetic,20,49,0.6504228438684956,1.5453277108949461,0.0,0.2398049271376474,0.1376147418151317
synthetic,20,50,0.5562963508577423,1.3384829954083888,0.0,0.20448838801789038,0.14057191017913012
synthetic,20,51,0.8577766741525447,3.540352916944327,0.0,0.20385547690657135,0.12417009739465482
synthetic,20,52,0.9679298926142333,1.6691709930580225,0.0,0.2013610937308182,0.11835625671836907
synthetic,20,53,0.8207636598764594,3.4010555011444032,0.0,0.21563117442353277,0.12578753902749
synthetic,20,54,0.9430172200548834,3.034470718620582,0.0,0.2047173525836105,0.11948649419167717
synthetic,20,55,0.7931337076123585,2.90536493490472,0.0,0.20264159246419117,0.12778360462856203
synthetic,20,56,0.9564898478908707,3.024967572335924,0.0,0.20483126251269362,0.11874930402851169
synthetic,20,57,0.70202854338673,1.3640498512065524,0.0,0.20428036918582726,0.13261943598485298
synthetic,20,58,0.8396428038223914,2.9265238698874914,0.0,0.2071855988653707,0.1249567961033094
synthetic,20,59,1.030132146621606,1.7870795495112008,0.0,0.2069332714220986,0.11465905971108592
synthetic,20,60,0.9979403915687528,3.6376426457836812,0.0,0.2024054308867191,0.11664920249662712
synthetic,20,61,0.8018681005625762,1.547969260392553,0.0,0.21119589551638243,0.1268503415352775
synthetic,20,62,1.10745409396938,3.6688082601226193,0.0,0.19922850365933975,0.11091868213829024
synthetic,20,63,0.806906630321817,1.3798643035019118,0.0,0.2037621852030272,0.12694457080790153
synthetic,20,64,1.105753412780039,3.5677956395364414,0.0,0.20431450540601062,0.11068710473934791
synthetic,20,65,0.8036565961510316,2.901794989825316,0.0,0.2025277795596005,0.12721879386005325
synthetic,20,66,0.8657923422925188,3.067246739775991,0.0,0.2026454145414228,0.12382183921333578
synthetic,20,67,1.0399504836377789,3.6925920038899367,0.0,0.1998907182982695,0.11454542466459951
synthetic,20,68,0.8384507422958303,3.343036249314785,0.0,0.2024586587153354,0.1253264699101556
synthetic,20,69,0.8829852344098149,3.422290593812398,0.0,0.20332589253967787,0.12283612579001417
synthetic,20,70,0.813842916750647,2.8567655102268823,0.0,0.2055061629872675,0.1264487784306206
synthetic,20,71,0.9431772523475245,3.649403922699386,0.0,0.20554909826857232,0.11943166518607674
synthetic,20,72,0.8797337610114299,3.5705386442368807,0.0,0.20276114056850064,0.12305392541087676
synthetic,20,73,0.7553028113020357,3.552118362898118,0.0,0.20992851433939763,0.12940321227773902
synthetic,20,74,0.7311876503138368,2.907433111991907,0.0,0.20526619306764726,0.13095609486278062
synthetic,20,75,0.7589821738477827,3.4434645864607396,0.0,0.19976223435437823,0.1299301209966637
synthetic,20,76,0.5772543464429448,1.3068156058675302,0.0,0.2024675382872396,0.13963973725247703
synthetic,20,77,0.717121352514415,3.241991227566816,0.0,0.202641291309908,0.1319374851564187
synthetic,20,78,0.7055492254669288,1.5870014708989146,0.0,0.21797530901206735,0.13203503861325916
synthetic,20,79,0.8046461823646748,3.4944614754060344,0.0,0.20571564695391767,0.12693510995993493
synthetic,20,80,0.7905696981273077,1.5208856411041511,0.0,0.2052028931493761,0.12773212861900612
synthetic,20,81,0.6561024254012643,3.3001247965308154,0.0,0.21234847597066878,0.13469219002782898
synthetic,20,82,1.0714455338298055,1.7974869398355482,0.0,0.2027210944962899,0.11263673139112926
synthetic,20,83,0.9086983772281944,3.3841646429059042,0.0,0.20461589148602424,0.12135456771259143
synthetic,20,84,1.0391723679489104,3.9648686898092786,0.0,0.20175018611814816,0.11445229823933013
synthetic,20,85,1.0216782860211042,3.5720313635718246,0.0,0.2128866263428845,0.11496117740495027
synthetic,20,86,0.987724651083425,1.5986871593996628,0.0,0.1995814964501258,0.11741854471678073
synthetic,20,87,0.9624000527452253,1.6876842622663701,0.0,0.201165674649323,0.11867232574941988
synthetic,20,88,0.804982643994043,1.4855533546388997,0.0,0.20393624952502484,0.12703646639453586
synthetic,20,89,0.9219008778737289,1.7674922734805014,0.0,0.23993670568286707,0.12217911872725622
synthetic,20,90,1.045878209439197,3.5491522493058576,0.0,0.19951558817107362,0.11425178779024421
synthetic,20,91,0.9305365565299888,3.6036831153596443,0.0,0.20143682498391607,0.12038751280320999
synthetic,20,92,1.1058744628930703,3.7295484697164074,0.0,0.1997329483615827,0.11096687018413681
synthetic,20,93,0.5365779628853801,1.290475208895453,0.0,0.20262798666175444,0.14186932057169896
synthetic,20,94,0.7280138751220301,3.3731827526308966,0.0,0.20640042810280276,0.1310528792765651
synthetic,20,95,0.99956388649811,3.6350530556230107,0.0,0.20274803507053635,0.11653827978465485
synthetic,20,96,0.8249261886693336,3.4291926624250437,0.0,0.20848216303487652,0.12569444008409783
synthetic,20,97,0.8690186781990592,2.9881708671815397,0.0,0.20806652433176823,0.12332673321436258
synthetic,20,98,0.6325814663022923,1.5472822138865336,0.0,0.20910989486208742,0.13607565578160305
synthetic,20,99,0.5432612515400016,0.561134834043332,0.0,0.20512387178719127,0.14122364552889985
synthetic,20,100,0.6211141658085824,3.450904560452439,0.0,0.20834632962853616,0.13673732515192735
synthetic,100,1,0.08769829841677718,0.034274084641181646,0.0,0.2143552609165289,0.1653282182086456
synthetic,100,2,0.059117252424679585,0.030776122105902966,0.0,0.2150332459018239,0.16686152442929192
synthetic,100,3,0.07230169936324686,0.027705312668852303,0.0,0.2162952988071651,0.16622253560831302
synthetic,100,4,0.025567645196752913,0.037164246082603616,0.0,0.21445478057842024,0.16869041511886973
synthetic,100,5,0.057935450526563015,0.029883740775801006,0.0,0.2148158762147503,0.16692470205175752
synthetic,100,6,0.09786638609586494,0.3035194845568143,0.0,0.21446266127666774,0.16477608425452855
synthetic,100,7,0.11406869202456098,0.0994373925775592,0.0,0.21448887842167055,0.1639010663957973
synthetic,100,8,0.10451682720042713,0.1673903964052311,0.0,0.21534065982624012,0.16441736399929957
synthetic,100,9,0.09963757670192235,0.022116063922215677,0.0,0.21623337341570747,0.17537409952712013
synthetic,100,10,0.13985922095368955,0.18705259157909931,0.0,0.21536899378140079,0.16251060089386685
synthetic,100,11,0.06618616430498846,0.027213142747257415,0.0,0.21581562032944862,0.1665136884657933
synthetic,100,12,0.1303403964851887,0.05085628482003393,0.0,0.21514467192242615,0.16302094089349375
synthetic,100,13,0.03321273491055776,0.06322247557327268,0.0,0.21535427276322694,0.17182300122273036
synthetic,100,14,0.13637040758985577,0.09792385260586925,0.0,0.21488505303897926,0.16269448443859974
synthetic,100,15,0.09046967638003378,0.021409916484809402,0.0,0.21462774297244466,0.1651719859707569
synthetic,100,16,0.1292147515455092,0.09127989745679223,0.0,0.21496324367864753,0.1630804736232614
synthetic,100,17,0.1345730863210501,0.16238281128388538,0.0,0.21560360810892934,0.16280133836868563
synthetic,100,18,0.11689736406404994,0.11092751423878712,0.0,0.21555344586978029,0.16375451317846812
synthetic,100,19,0.12519381223591092,0.1122467108878321,0.0,0.21430112614114966,0.16330476310181574
synthetic,100,20,0.039845077345967386,0.022035389935215196,0.0,0.21453872586307365,0.16790855757119835
synthetic,100,21,0.1335618817788325,0.18124583043054596,0.0,0.21485994305384679,0.16284596917253338
synthetic,100,22,0.10301638115416423,0.08264106614605261,0.0,0.21478416970253988,0.16449355725886491
synthetic,100,23,0.12754117240064075,0.0962993651346435,0.0,0.21535882829731937,0.16317511531999973
synthetic,100,24,0.0791512838969031,0.06229714640524236,0.0,0.2145456167505705,0.1657843917791926
synthetic,100,25,0.0807482866667019,0.11932297926185327,0.0,0.21549112191989606,0.16570584412853634
synthetic,100,26,0.08496554432009101,0.026562433478004306,0.0,0.21478979971263787,0.16546705246741691
synthetic,100,27,0.07883952113141873,0.04346881392977459,0.0,0.21480949012421208,0.1657973225208676
synthetic,100,28,0.09404271108219923,0.15939951407225703,0.0,0.21424775583917877,0.16498909899111922
synthetic,100,29,0.13260689025675268,0.14506987830343995,0.0,0.2144691224469525,0.16290110799001578
synthetic,100,30,0.04055373167175836,0.034114039982912965,0.0,0.21519447840891479,0.16786765525499175
synthetic,100,31,0.07697144917630355,0.08541750499410859,0.0,0.21509689045531366,0.16589921259532722
synthetic,100,32,0.03847666240315331,0.004584576824276112,0.0,0.21502221830919208,0.1679749074822687
synthetic,100,33,0.08293375090452694,0.05711020974724371,0.0,0.2150837640980642,0.16557740640842242
synthetic,100,34,0.08293819051406624,0.06458569246193806,0.0,0.21474563279188139,0.16557675846590533
synthetic,100,35,0.1500057818741023,0.20734895085596494,0.0,0.21510488131826236,0.16195991504047988
synthetic,100,36,0.07477578385645907,0.03689040898077154,0.0,0.2154873910677835,0.16602871568595073
synthetic,100,37,0.10336586743092782,0.09400127451476772,0.0,0.21475876019554632,0.1644748718129426
synthetic,100,38,0.09201249806847596,0.13013355611771676,0.0,0.21489153361310656,0.16508666398115274
synthetic,100,39,0.07778146672105675,0.06082414095086141,0.0,0.21474832553936,0.1658548764840364
synthetic,100,40,0.12521156492636204,0.0978060687393004,0.0,0.21459369832913872,0.16329821312820336
synthetic,100,41,0.08776047957420505,0.06522471119203763,0.0,0.21521591913620156,0.16531908264998632
synthetic,100,42,0.08438169783516228,0.02572391294769883,0.0,0.21520320349751287,0.1655011697541657
synthetic,100,43,0.10933520842651535,0.09154138941909429,0.0,0.2153121997365909,0.16415669253292053
synthetic,100,44,0.04280086825832532,0.024576732335503445,0.0,0.21494885277053186,0.16774077597192952
synthetic,100,45,0.07968988463379371,0.03440920838085508,0.0,0.21464661259297682,0.16575329027963928
synthetic,100,46,0.14077207567326822,0.05961083356295757,0.0,0.21465005834464493,0.1624582489745532
synthetic,100,47,0.11407277605436994,0.08772180470753775,0.0,0.2150898777183811,0.16389785222421524
synthetic,100,48,0.07147082675488116,0.05900877583022178,0.0,0.2147503253921651,0.16619524756070353
synthetic,100,49,0.10817836847397311,0.09896027604896121,0.0,0.2149167243749107,0.16421486356730397
synthetic,100,50,0.12429398248162053,0.1578582642905618,0.0,0.214377733183977,0.16335151419328336
synthetic,100,51,0.0864549440802099,0.035956099921747336,0.0,0.2147779839081152,0.16538680605572312
synthetic,100,52,0.1249482825797271,0.0978060687393004,0.0,0.21448494663833934,0.16331407129444905
synthetic,100,53,0.03372513825321005,0.0317316715082408,0.0,0.21492327167621555,0.16823010634394725
synthetic,100,54,0.11083097534676331,0.09928806395883252,0.0,0.21506327168379508,0.1640724740104326
synthetic,100,55,0.1025673265819871,0.10641652568574567,0.0,0.21524021757772654,0.1645205333128396
synthetic,100,56,0.024541967979533286,0.031080451683722823,0.0,0.21497780925245497,0.16872601588280942
synthetic,100,57,0.059205232823934924,0.036735985591946074,0.0,0.21503948208783413,0.1668568573638888
synthetic,100,58,0.05948381031970536,0.031119770065410682,0.0,0.2151829641420038,0.16684460069096438
synthetic,100,59,0.09390033116449109,0.12231368121633368,0.0,0.21603906533327058,0.1650220922920768
synthetic,100,60,0.0786629462582093,0.04061351480169345,0.0,0.21508947952082927,0.1658078624904356
synthetic,100,61,0.09180535543238777,0.045692208295436645,0.0,0.21573265293963767,0.16511820734368207
synthetic,100,62,0.10188384119575182,0.09287284794301445,0.0,0.21450913181657397,0.1645582267713565
synthetic,100,63,0.12659366524773003,0.16644807978900916,0.0,0.21497048169225014,0.1632218499645026
synthetic,100,64,0.05232958441829466,0.018029320785785816,0.0,0.21462836381320052,0.16723037554542883
synthetic,100,65,0.07669157727069069,0.0543107634762394,0.0,0.21702534332590395,0.17402397072142772
synthetic,100,66,0.0672875919561106,0.012193132530824026,0.0,0.21629755316790733,0.17359888122080486
synthetic,100,67,0.028318420334308956,0.033407664141694854,0.0,0.2154304306801594,0.16854876446839137
synthetic,100,68,0.06740395406183199,0.028733456760852823,0.0,0.21411443221104987,0.16643801464759528
synthetic,100,69,0.07166640098784412,0.09142537912802742,0.0,0.2148947355510052,0.16618390979322809
synthetic,100,70,0.08170203164807298,0.03628060238553994,0.0,0.21530850588538822,0.1656482555702817
synthetic,100,71,0.1356758034538764,0.16042012622349577,0.0,0.21558596755709744,0.16274130391835703
synthetic,100,72,0.0656021497425606,0.07290657276928038,0.0,0.21514017829577173,0.1665133747486273
synthetic,100,73,0.08746087245595086,0.0626400243580237,0.0,0.21473671783029766,0.16533290094750194
synthetic,100,74,0.09497155818882438,0.09029873488892287,0.0,0.2153126308853136,0.16493196093969612
synthetic,100,75,0.09522267183997829,0.1523352880729973,0.0,0.21432469951731362,0.1649226846369288
synthetic,100,76,0.11313024701386046,0.10626877417059849,0.0,0.21463352611483277,0.16394942520270706
synthetic,100,77,0.09854403653660028,0.09064289747675074,0.0,0.2154935695741448,0.16474409551956698
synthetic,100,78,0.10513110518316122,0.05522220851674845,0.0,0.21519349529359721,0.16438143503843383
synthetic,100,79,0.04541109721775981,0.018168578153826203,0.0,0.21429467239257888,0.1676211484360724
synthetic,100,80,0.13350803876141898,0.10796065285702501,0.0,0.21487964623241979,0.16284885233662355
synthetic,100,81,0.12192048980672593,0.17222787761806685,0.0,0.21456235245861177,0.1634761862084877
synthetic,100,82,0.12676262915255976,0.09501525566036127,0.0,0.21487536153355372,0.1632126296758677
synthetic,100,83,0.07081495353364547,0.014854757549673208,0.0,0.21469486407330815,0.16623134948170293
synthetic,100,84,0.08612496803067897,0.06532228723029988,0.0,0.21463396387189196,0.16540629694736783
synthetic,100,85,0.10558881673597324,0.05077912970490945,0.0,0.21551954687758224,0.16436433297583797
synthetic,100,86,0.13039698430625601,0.1055298626911187,0.0,0.21414458811587891,0.16302817350683485
synthetic,100,87,0.07955408133125405,0.0676295598270558,0.0,0.21572995274689286,0.16578190883210148
synthetic,100,88,0.06623927908000234,0.02505045058585291,0.0,0.2148064884698086,0.16647691128479497
synthetic,100,89,0.0520170712766942,0.02815455987647623,0.0,0.2159429440439551,0.16730033899623778
synthetic,100,90,0.08421594213906754,0.03440920838085508,0.0,0.21470696432908523,0.1655082548002104
synthetic,100,91,0.07343182554387277,0.014854757549673208,0.0,0.21463489237718178,0.16609117625231454
synthetic,100,92,0.13287357813454595,0.09398723543049531,0.0,0.21543840771858502,0.16288897007834527
synthetic,100,93,0.12776673361248495,0.10360992009613133,0.0,0.21461689833559966,0.16316009489308775
synthetic,100,94,0.08506340632946442,0.025990429657674348,0.0,0.21464051192483022,0.16546346630170894
synthetic,100,95,0.042037125853666875,0.03869546054837013,0.0,0.2160191777273122,0.17223435626138833
synthetic,100,96,0.038984923700692044,0.04482214133121192,0.0,0.215431608817985,0.16796610816071805
synthetic,100,97,0.07321926894626019,0.06267594878200308,0.0,0.21456293931785533,0.16610420384646776
synthetic,100,98,0.10532806676127209,0.08664197513446494,0.0,0.21495697991458235,0.16436866143601087
synthetic,100,99,0.09956421817149622,0.10641652568574567,0.0,0.21548485726908423,0.16468870148446232
synthetic,100,100,0.10192199649169283,0.1013303200886681,0.0,0.21440392689770713,0.16455858804010803
sp500,1,1,7.214459193225758,4.052444845290271,0.0,0.017129568108950617,-0.0005384592802151258
sp500,1,2,7.464916407389081,4.052444845290271,0.0,-0.0042712433771731236,-0.008071124931166428
sp500,1,3,7.3613014652416275,3.9504244346782285,0.0,-0.006479630539866094,0.00073524895012098
sp500,1,4,7.398390093910239,4.0529164138861535,0.0,-0.005799935513728743,-0.0023765084022321667
sp500,1,5,7.25527526147243,4.052444845290271,0.0,-0.018222000934585036,0.015177457735592424
sp500,1,6,7.293296031350924,4.052444845290271,0.0,0.0033484635881155583,0.0006612101745762763
sp500,1,7,7.373092059348203,4.052444845290271,0.0,-0.0036588425034844063,-0.0016148173242855155
sp500,1,8,7.563864740558745,4.052444845290271,0.0,-0.009959295145843696,-0.012441445033680101
sp500,1,9,7.517464809005602,4.052444845290271,0.0,-0.01639487731118226,-0.005681240536265123
sp500,1,10,7.498397565466477,3.5733777631456087,0.0,-0.007052595728368318,-0.009113350420085355
sp500,1,11,7.329760697306901,4.052444845290271,0.0,0.008626056678144353,-0.004691435266292661
sp500,1,12,7.212942552268927,4.052444845290271,0.0,-0.012425789506725165,0.015167626017792651
sp500,1,13,7.42107355906943,4.052444845290271,0.0,-0.004299186168866634,-0.00483010347017421
sp500,1,14,6.416192625701852,4.148550557953789,0.0,0.1579908435218309,-0.004477079939127687
sp500,1,15,7.407431434907574,4.052444845290271,0.0,0.005737577525308489,-0.00890472281020589
sp500,1,16,7.437089779997654,4.052444845290271,0.0,-0.013289834724012062,-0.0013228910231582772
sp500,1,17,7.187588866919231,4.052444845290271,0.0,0.0425294176841421,-0.010685901375418767
sp500,1,18,7.646678142878535,4.052444845290271,0.0,-0.0028066094270183775,-0.022015874524399258
sp500,1,19,7.457966054667486,4.052444845290271,0.0,-0.008040346137080163,-0.005624835133603739
sp500,1,20,7.169286322338646,4.0529164138861535,0.0,-0.009030440815939858,0.016613407904584567
sp500,1,21,7.364049294347816,4.052444845290271,0.0,-0.010490162808135193,0.0026563303671934746
sp500,1,22,7.2504881196805036,4.052444845290271,0.0,0.03257822054821632,-0.010548698084558446
sp500,1,23,7.150710997688537,4.052444845290271,0.0,-0.01471505874687322,0.021263316650381347
sp500,1,24,7.08779981350665,4.052444845290271,0.0,0.022108634505792642,0.006202588812116179
sp500,1,25,7.272596366255264,4.052444845290271,0.0,0.014891334754908595,-0.0036511153281023776
sp500,1,26,7.559732581832639,4.052444845290271,0.0,-0.014934638009092156,-0.009582985205568571
sp500,1,27,7.552750334174837,4.052444845290271,0.0,-0.003944749244980104,-0.014656137856865566
sp500,1,28,7.114880137123335,4.052444845290271,0.0,-0.0020784663558176095,0.01691039850278901
sp500,1,29,7.192392811164609,4.052444845290271,0.0,-0.010111063459092465,0.015448239523608746
sp500,1,30,7.377417968114004,4.052444845290271,0.0,0.003057799568888708,-0.005373170733449804
sp500,1,31,7.517425775999709,4.052444845290271,0.0,-0.00956028336239779,-0.009230494352835185
sp500,1,32,7.391198250558296,3.783990693144397,0.0,0.010396962120836498,-0.01002647878255866
sp500,1,33,7.448623766708545,4.052444845290271,0.0,-0.0014646755831017374,-0.008300310961349873
sp500,1,34,7.548116043263303,4.052444845290271,0.0,-0.003308547046777866,-0.014635773293516528
sp500,1,35,7.332176137414977,4.052444845290271,0.0,0.015315025191999707,-0.00816868771611804
sp500,1,36,7.497552377584151,4.052444845290271,0.0,-0.011474521537252482,-0.00677453892518483
sp500,1,37,7.0412320262045505,4.052444845290271,0.0,0.0006667934057641047,0.021003900818881885
sp500,1,38,7.511739375591289,4.052444845290271,0.0,-0.006559973560017917,-0.010344023447820443
sp500,1,39,7.370623527495841,4.052444845290271,0.0,0.013012467364826676,-0.009819053576966174
sp500,1,40,7.5857522682167104,4.052444845290271,0.0,-0.0002170967878734467,-0.01888493903926152
sp500,1,41,7.313138230876945,4.052444845290271,0.0,-0.003026919832012413,0.0025066734026908963
sp500,1,42,7.381257724201132,4.052444845290271,0.0,-0.00432810810362742,-0.0018720853104647298
sp500,1,43,7.272793121936291,4.052444845290271,0.0,-0.004017812562192835,0.0060437564598846095
sp500,1,44,7.436125361403208,4.052444845290271,0.0,-0.0094984739736993,-0.003247775027600682
sp500,1,45,7.365358254774711,4.052444845290271,0.0,0.007315947964870635,-0.006630081966104264
sp500,1,46,7.582125999398469,3.850433699131627,0.0,-0.011203762357030736,-0.013148985731495132
sp500,1,47,7.491907499401741,4.0529164138861535,0.0,-0.00808906998569848,-0.00810513214144392
sp500,1,48,7.455685885452816,3.7114204986568344,0.0,-0.010229605852445924,-0.0043184020202305115
sp500,1,49,7.205435431423852,4.052444845290271,0.0,0.012491837949724627,0.0024504181555708173
sp500,1,50,7.299089388909151,4.021340926771435,0.0,0.0014677459309867132,0.0012044885232419223
sp500,1,51,7.539721121017791,4.052444845290271,0.0,-0.010848878858907151,-0.010212067639935532
sp500,1,52,7.2192719414795645,3.7967198249046596,0.0,-0.014567679173234678,0.015884436358434985
sp500,1,53,7.559463082679277,4.052444845290271,0.0,0.0013282353845575554,-0.017742275058307402
sp500,1,54,7.4853572347268065,4.025833399110188,0.0,-0.0022175402623662976,-0.010607132006297586
sp500,1,55,7.324134950970397,4.052444845290271,0.0,-0.0002641526631565955,0.00024862450463020413
sp500,1,56,7.267105425070894,3.9774935485837166,0.0,0.00035132252532231836,0.00415905880105294
sp500,1,57,7.461353512001386,4.029703629838625,0.0,-0.005213510064296941,-0.007328499777537501
sp500,1,58,7.640250151775472,4.052444845290271,0.0,-0.013227496036510088,-0.016383890595236126
sp500,1,59,7.268862359518598,4.052444845290271,0.0,-0.0007712636106903997,0.004618084349126401
sp500,1,60,7.645661528331962,4.052444845290271,0.0,-0.013188687195088547,-0.01679960710263909
sp500,1,61,7.45837927771154,4.052444845290271,0.0,-0.0002625616924752547,-0.009619292718637179
sp500,1,62,7.437005234778874,4.052444845290271,0.0,-0.0009138486258844446,-0.007728076761528451
sp500,1,63,6.78325524339787,4.125812051916905,0.0,0.11537415549033217,-0.013241236450215844
sp500,1,64,7.34554472766353,4.0529164138861535,0.0,0.0024507059172945403,-0.0027268297769618257
sp500,1,65,6.735477633896004,4.052444845290271,0.0,0.013574370573412582,0.03723623905929794
sp500,1,66,7.3642364499762465,4.052444845290271,0.0,0.010656762946854645,-0.00820376918382612
sp500,1,67,6.981232618662495,4.052444845290271,0.0,0.05930786709714916,-0.0038029997381755524
sp500,1,68,7.408882760675377,4.052444845290271,0.0,-0.0009541196929116416,-0.005645024967571685
sp500,1,69,7.435016889898881,4.052444845290271,0.0,0.0048481155320875225,-0.010467144615659677
sp500,1,70,7.493223177704684,4.052444845290271,0.0,-0.014962716511883982,-0.004628846580702079
sp500,1,71,7.285902970521767,3.9504244346782285,0.0,-0.011126387079173567,0.008890581412078935
sp500,1,72,7.24487691948278,4.052444845290271,0.0,0.013462563804530184,-0.0009234080636124234
sp500,1,73,7.455868375456441,4.052444845290271,0.0,-0.017434063856611785,-0.0005195723118969467
sp500,1,74,7.368641185779569,4.052444845290271,0.0,-0.005263466625210697,-0.00044875089798986344
sp500,1,75,7.35377333093489,4.052444845290271,0.0,0.006263027288578584,-0.005258964698955157
sp500,1,76,7.196527015115213,4.052444845290271,0.0,-0.0011599922226112136,0.010238483471444924
sp500,1,77,7.397225617089539,4.052444845290271,0.0,0.004576050896857141,-0.007583107754051842
sp500,1,78,7.422229900345306,4.0529164138861535,0.0,-0.00071377919058045,-0.006746683457917556
sp500,1,79,7.565310877458976,4.052444845290271,0.0,-0.010191875629850662,-0.012429330912348048
sp500,1,80,5.9021299183604805,3.884524788982224,0.0,-0.006462711510828321,0.12324528204626624
sp500,1,81,7.340752457261929,4.052444845290271,0.0,-0.01471519904617741,0.006695035054863678
sp500,1,82,7.091687382338763,4.052444845290271,0.0,0.008210483137359437,0.0130965935124585
sp500,1,83,7.419819971834633,4.052444845290271,0.0,-0.001009631680570046,-0.006419712068435541
sp500,1,84,7.431261343916948,4.052444845290271,0.0,0.0048592697568345215,-0.010200025787474882
sp500,1,85,7.349269680412909,4.052444845290271,0.0,-0.005020043227508431,0.0008640186917663804
sp500,1,86,7.444054406850336,4.052444845290271,0.0,-0.002119959366167667,-0.007633592311916724
sp500,1,87,7.335513794736041,4.052444845290271,0.0,0.006752955390341879,-0.004171654091937393
sp500,1,88,7.440696813482828,4.052444845290271,0.0,-0.0075856086331356565,-0.00458277699149686
sp500,1,89,7.452387827092027,4.052444845290271,0.0,-0.004611986776046792,-0.006976445605319447
sp500,1,90,7.396821145272664,4.052444845290271,0.0,-0.002213267914244383,-0.004113852741956434
sp500,1,91,6.977723917310105,4.052444845290271,0.0,-0.002413375244183666,0.027621739559452487
sp500,1,92,7.190274644473978,4.052444845290271,0.0,0.013050906146339167,0.003278675992929067
sp500,1,93,7.359739276385447,4.029703629838625,0.0,-0.010518629606820505,0.002994895358347933
sp500,1,94,7.380494947162991,4.052444845290271,0.0,0.005093407751222854,-0.006622229316174013
sp500,1,95,7.415278359093361,3.9504244346782285,0.0,-0.010564626972279693,-0.0011358707571930944
sp500,1,96,7.481614221082164,4.052444845290271,0.0,-0.0030780333605282535,-0.00989999216744375
sp500,1,97,6.824171874858672,4.052444845290271,0.0,0.03577751179134449,0.01859353341174885
sp500,1,98,7.417326764738195,4.052444845290271,0.0,-0.003072261003215282,-0.005183899336555002
sp500,1,99,7.522303398795939,4.052444845290271,0.0,-5.879103230259161e-05,-0.014372852702509775
sp500,1,100,6.8685802918289935,4.052444845290271,0.0,0.04056898238871403,0.012960973824243058
sp500,5,1,5.786150750477036,3.1294448092154274,0.0,0.2886631719243357,-0.00017912155745749308
sp500,5,2,5.712116130582157,3.089164443471643,0.0,0.30542181278379593,0.001101964000746451
sp500,5,3,5.845964024874978,3.1137510926569356,0.0,0.2846342326810298,-0.00290454795898764
sp500,5,4,5.560115266850476,3.1059927118790123,0.0,0.29474982935309846,0.011864830213651902
sp500,5,5,5.7667654122305505,3.186615081143837,0.0,0.28284502130907907,0.0020810082540209697
sp500,5,6,5.565095774761046,3.1074855157281407,0.0,0.29156291302202514,0.0121857703615302
sp500,5,7,5.072898572181548,3.050487304870275,0.0,0.2977648570119269,0.03983479824956164
sp500,5,8,5.805826123278972,3.1485388329371515,0.0,0.28507627180265277,-0.0006424161499344621
sp500,5,9,5.891057830370756,3.0955816760256782,0.0,0.28936060503325906,-0.00642790733940263
sp500,5,10,5.87858743407373,3.1787220752320176,0.0,0.28534431138269645,-0.004946907140123765
sp500,5,11,4.979663895349469,3.06667238513712,0.0,0.28455997487686113,0.04824272448951499
sp500,5,12,5.850293790391741,3.173182109980222,0.0,0.2865156661035798,-0.003517147531900139
sp500,5,13,5.785486732209632,3.160089947537562,0.0,0.28432998982766056,0.0006927524415640143
sp500,5,14,6.011573972089481,3.182807422687085,0.0,0.2867826333578257,-0.01297148741939087
sp500,5,15,5.775724420485784,2.8796426216055506,0.0,0.2828147597138401,0.0015618171799512692
sp500,5,16,5.908495513836108,3.1294448092154274,0.0,0.28969480734809355,-0.007505150003392632
sp500,5,17,5.872089044221928,3.2246892158687808,0.0,0.2847914045953476,-0.004461770564160902
sp500,5,18,6.052585901854698,3.230662151910113,0.0,0.2838407484482436,-0.014816428103916071
sp500,5,19,4.422163062802636,2.832555002215219,0.0,0.3013735891791435,0.07764483987128205
sp500,5,20,5.3780237950496685,3.141155416643587,0.0,0.28965289603145056,0.023541192072854773
sp500,5,21,5.770155895230846,3.2649268717359563,0.0,0.2851732167173822,0.0014259881494358975
sp500,5,22,5.506984108288673,3.1121660070987827,0.0,0.3064513582948153,0.012811236656036444
sp500,5,23,6.012047187740152,3.2594326477052076,0.0,0.2843115884613394,-0.012540837651615282
sp500,5,24,5.297381182561953,2.528841314559721,0.0,0.30230267353530665,0.02577350682667798
sp500,5,25,5.886594833807447,3.189553011070604,0.0,0.28188685375994943,-0.004750160974178926
sp500,5,26,6.025711755592748,3.2591201882773073,0.0,0.2851458299892231,-0.013492672476301683
sp500,5,27,6.022516981242507,3.1880593369485233,0.0,0.28265602837371995,-0.012840798741098064
sp500,5,28,6.0294068618443095,3.2018759892849675,0.0,0.2819651501690599,-0.013112474371841659
sp500,5,29,5.485489993685949,3.095092840731764,0.0,0.2915238674975576,0.016855555919356974
sp500,5,30,5.816011742828026,3.005078894550094,0.0,0.28458563451242047,-0.0011433747506196948
sp500,5,31,5.7742737130525565,3.1534720686698496,0.0,0.28910533169872404,0.00043054329801179973
sp500,5,32,5.987364190592038,2.831722322481848,0.0,0.2812970845724523,-0.010529735908642248
sp500,5,33,5.975898908051392,3.200015464163391,0.0,0.2843950439163379,-0.010448033646308025
sp500,5,34,5.978072201210987,3.1955472815142314,0.0,0.2828433916320067,-0.010281692244028353
sp500,5,35,5.584567991716327,3.0943946222561554,0.0,0.29652095838353787,0.01010406055345908
sp500,5,36,5.886360040835622,2.834200717667665,0.0,0.28441506922502185,-0.005223740689051221
sp500,5,37,5.881676575726273,3.1880593369485233,0.0,0.2824904061288589,-0.004579460767221225
sp500,5,38,5.734125691464246,3.1290231478348525,0.0,0.2880801399534421,0.0029716628143033235
sp500,5,39,5.9642964937835785,3.14728134144002,0.0,0.2871607701152751,-0.010287624352409935
sp500,5,40,5.9709061879540055,3.187690224448303,0.0,0.2821499307375673,-0.009731071219014065
sp500,5,41,5.800918351978002,3.1826501067383637,0.0,0.2849695683531997,-0.000334665320362467
sp500,5,42,5.809126316484303,3.16351464619878,0.0,0.28654073112682554,-0.0011170109763841344
sp500,5,43,6.180044350448152,3.225282767163886,0.0,0.28031225401294,-0.021589128590456808
sp500,5,44,5.981057666339846,3.2018759892849675,0.0,0.28403601706721565,-0.010681473304762056
sp500,5,45,5.435705446639378,3.11018086315569,0.0,0.30430865562566106,0.017337360782218147
sp500,5,46,5.044871697015705,3.033489323569233,0.0,0.2893276357177134,0.04328848625083568
sp500,5,47,5.8556869872167425,3.1010037558127332,0.0,0.2892822385621261,-0.004352140533087849
sp500,5,48,5.884078644804896,3.0578815538496578,0.0,0.28222321170316195,-0.00466821355487825
sp500,5,49,5.78040402244819,3.1880593369485233,0.0,0.28462224708661676,0.0009333506395184238
sp500,5,50,5.89220410472639,3.165088243717019,0.0,0.28205962399330387,-0.005111949469830911
sp500,5,51,5.926724092736267,3.1250029812603444,0.0,0.2850315559182622,-0.00769830364462673
sp500,5,52,5.801158900859344,3.1850480880176315,0.0,0.2834047200114886,-4.423894960091997e-05
sp500,5,53,5.787660658789497,3.2310181727244136,0.0,0.28374387556647435,0.0006799366213755301
sp500,5,54,5.625312764393641,3.1608245867081615,0.0,0.28266363087233193,0.010422027241058729
sp500,5,55,5.737766716788214,3.1468595545667895,0.0,0.2820341353764266,0.003943027041770691
sp500,5,56,5.597022454662221,3.04699485163398,0.0,0.3032392095599151,0.008154552026936704
sp500,5,57,5.802503872601537,2.9713700953535596,0.0,0.29022840207934775,-0.001427963710931763
sp500,5,58,6.077484756271206,3.244340089006586,0.0,0.28549218486741273,-0.016571772632120323
sp500,5,59,5.521194945217246,3.08974152566451,0.0,0.2904097537753719,0.014982529143002686
sp500,5,60,5.8865024511058595,3.140673714158785,0.0,0.2916489030762155,-0.006582897779762214
sp500,5,61,5.935132286043824,3.24616820013801,0.0,0.2870823003903853,-0.00857348464475761
sp500,5,62,5.94809711005612,3.2310181727244136,0.0,0.2831886322891513,-0.008596645220110747
sp500,5,63,5.760154407058837,3.188475522109833,0.0,0.2856847352544764,0.0019119312767610867
sp500,5,64,6.005918889680485,3.0939029441720884,0.0,0.29290206550862147,-0.013746766429493382
sp500,5,65,5.677363469220657,3.189553011070604,0.0,0.2830091578905947,0.007293699064498524
sp500,5,66,5.385618386168392,2.9744333749155074,0.0,0.29197063320762723,0.022625611134007483
sp500,5,67,5.701772383260366,3.1139301312949756,0.0,0.29852184845352575,0.0029139295726217213
sp500,5,68,5.960639631792278,3.1952706340016412,0.0,0.2825740136639443,-0.009212189767163922
sp500,5,69,5.6639078591101395,3.1819509324211244,0.0,0.28748504225500404,0.007195646874236998
sp500,5,70,5.697593011489582,3.2294877575002006,0.0,0.2874917742329828,0.005222273022856034
sp500,5,71,6.021506456887077,3.1774221898504953,0.0,0.2815173694889825,-0.012566322284167996
sp500,5,72,5.49995987983527,3.1399693207782495,0.0,0.29766541811961694,0.014824771155455888
sp500,5,73,5.901917246440959,3.1912356895052447,0.0,0.2841775748408661,-0.0060873856512399125
sp500,5,74,5.800243544079424,3.127291455310948,0.0,0.2832067581451544,4.811544819688531e-05
sp500,5,75,5.923001458148849,3.1416788678962564,0.0,0.28443120560790186,-0.007367237266111555
sp500,5,76,5.936630288704434,3.195683568596378,0.0,0.28445932996480866,-0.008168340786548378
sp500,5,77,5.945295327666687,3.2361149597906738,0.0,0.28717000029325934,-0.009182147712322154
sp500,5,78,5.885817188929548,3.1891366535226116,0.0,0.2859848828075675,-0.005490662040830504
sp500,5,79,5.839690637834528,3.188475522109833,0.0,0.28532752840115744,-0.0026709604948383747
sp500,5,80,5.860906346690649,3.166714719962988,0.0,0.2868657764557133,-0.00420310050477428
sp500,5,81,6.185385843585198,3.271231613177304,0.0,0.2834642182205386,-0.022480356935326736
sp500,5,82,6.076390697579844,3.1819509324211244,0.0,0.2871318857995739,-0.016807121082802218
sp500,5,83,5.9078125546231774,3.1382176301738607,0.0,0.28928049736679423,-0.007389059268479517
sp500,5,84,5.9545933322398605,3.173507734133096,0.0,0.2839742557607772,-0.009125198903461704
sp500,5,85,5.74462478335103,3.1290231478348525,0.0,0.28813029260243905,0.0023483005072964433
sp500,5,86,5.923555178133865,3.1821509758099986,0.0,0.2813013601320989,-0.006799378832747406
sp500,5,87,5.39802046934337,3.0747324155038576,0.0,0.2943659307840538,0.021421877754311928
sp500,5,88,5.734590260647849,3.1609734387040316,0.0,0.28566710840018794,0.0034118369238624077
sp500,5,89,5.931675851977221,3.1880593369485233,0.0,0.28230339793269643,-0.007467637522677863
sp500,5,90,5.84750811359442,3.1874319698327196,0.0,0.28768423057952885,-0.003575630772039954
sp500,5,91,5.816719904937897,3.102693616344042,0.0,0.2879984298736029,-0.0018379290685867065
sp500,5,92,5.816109136248917,3.1294448092154274,0.0,0.2886231483985775,-0.001920268594793523
sp500,5,93,6.020189160887269,3.2310181727244136,0.0,0.28186480143633114,-0.012555329815764906
sp500,5,94,5.844991905708921,3.2310181727244136,0.0,0.2845069277739848,-0.0028232030126706937
sp500,5,95,5.51138358509678,3.1912356895052447,0.0,0.28627494155834937,0.01638651181332104
sp500,5,96,5.8029770203023965,3.174412326714911,0.0,0.28300826218770486,-7.31037239839427e-05
sp500,5,97,6.055877814626335,3.240065666906445,0.0,0.28044076140150903,-0.014369059795518009
sp500,5,98,5.796968816458117,3.1774221898504953,0.0,0.2829565750641168,0.00028899863202752927
sp500,5,99,6.023914033214037,3.1922605690999655,0.0,0.2825721180676779,-0.012906506392238698
sp500,5,100,5.604228145670802,3.1137510926569356,0.0,0.2859961551538045,0.01098879752808128
sp500,20,1,1.1884879845346672,1.001147152360134,0.0,0.4511042493678811,0.24001503273427788
sp500,20,2,1.087673497728614,0.9576058897169191,0.0,0.4512852886748004,0.24561919992396777
sp500,20,3,1.1212109256535439,0.9526449161956095,0.0,0.45464504401544537,0.24370518376998043
sp500,20,4,1.1631584597851299,0.9858445594273394,0.0,0.4524760511990126,0.24139646716490767
sp500,20,5,0.9636983536631801,0.9541353766251747,0.0,0.45394166871223185,0.25246675099446453
sp500,20,6,1.0963814974093686,0.9947841363866032,0.0,0.46906770544226195,0.2456076974738604
sp500,20,7,1.1374008489421015,1.0418372658133843,0.0,0.4559424153295338,0.24280347711750674
sp500,20,8,1.090062877631135,0.9975572604804476,0.0,0.45510354960393157,0.24543490342477126
sp500,20,9,1.0481694834539392,0.9625863867403394,0.0,0.4546064208951691,0.24776564389882608
sp500,20,10,1.1547446896114029,1.0155453766397207,0.0,0.4512982868435143,0.24188764515316266
sp500,20,11,0.9890442422399618,0.9438192526617167,0.0,0.45208359846136337,0.2510873439102878
sp500,20,12,1.2080714815517521,1.000379261144136,0.0,0.4519811160246892,0.23890747038448232
sp500,20,13,1.188040872594292,1.157176385500958,0.0,0.4518458668988603,0.24002403038392084
sp500,20,14,1.1246472444953894,1.001147152360134,0.0,0.45204335777394605,0.24354591531432698
sp500,20,15,1.0770249038060689,0.9768799088296941,0.0,0.45139297323498506,0.24620900112836863
sp500,20,16,1.1270719092222097,0.98794956149957,0.0,0.4524786514484537,0.24340314411606725
sp500,20,17,0.396648646154891,0.7158598450464203,0.0,0.47023619545979983,0.2857539254560353
sp500,20,18,1.0341952106829886,1.021219715706761,0.0,0.45261484157246945,0.2485656739933437
sp500,20,19,1.0857794297477719,0.9948450500222337,0.0,0.4525844569820807,0.24569759041184838
sp500,20,20,1.0923606529097494,1.0036516036130154,0.0,0.4531946396477147,0.24532235759698612
sp500,20,21,1.1979593825519756,1.1568375680000011,0.0,0.45116519092743496,0.2394867421801216
sp500,20,22,1.105178757569308,0.955888237501331,0.0,0.45214289566495797,0.24462675113273102
sp500,20,23,0.9491359099123229,0.9176841480678655,0.0,0.4513374021821367,0.253326123667202
sp500,20,24,1.1226762113988604,0.9817320898166275,0.0,0.4516691349029471,0.24366321833793206
sp500,20,25,0.872569741962756,0.9601812359257836,0.0,0.4522941996343774,0.2575616986693584
sp500,20,26,1.12781190595393,1.0036516036130154,0.0,0.450938864031481,0.24339471736348797
sp500,20,27,1.1584995224489159,1.0418372658133843,0.0,0.45271656378920627,0.24165171982936304
sp500,20,28,0.9231339223564787,0.5339735261005975,0.0,0.45773488957397684,0.25472967237967775
sp500,20,29,0.3596202142247214,0.07234435249466725,0.0,0.45497025770924704,0.28603968250211254
sp500,20,30,1.1514862951835252,0.9914824952419125,0.0,0.4522409849007106,0.24204959548402638
sp500,20,31,1.0545944222129635,0.9587965783767604,0.0,0.45154251181752025,0.2474532752190501
sp500,20,32,1.1014269392569367,0.9426940589061537,0.0,0.45069617788818983,0.24486927690069726
sp500,20,33,0.9889477289334507,0.909393183793794,0.0,0.45380284939918014,0.2510644859921211
sp500,20,34,1.105572477925712,0.9461497882737867,0.0,0.4541240089369779,0.2445778961972069
sp500,20,35,1.1491825384686356,1.0036516036130154,0.0,0.4518187749143877,0.24218577799012353
sp500,20,36,1.1022069102823795,0.9134826409464949,0.0,0.45167195675429506,0.2448017417837703
sp500,20,37,1.0252293520857967,0.8916721336218508,0.0,0.4509968527334443,0.24910114906037156
sp500,20,38,1.2007584305291121,1.1568375680000011,0.0,0.45098325206738593,0.23933527133205337
sp500,20,39,1.0050295135044232,0.9188739481127485,0.0,0.45331809847213655,0.2501763752705082
sp500,20,40,1.158211565782484,0.9833969783728287,0.0,0.4536283274367757,0.24165608156769158
sp500,20,41,0.8766031180507924,0.9126406960087972,0.0,0.4516514636756048,0.25735369115885076
sp500,20,42,1.1243477770095522,0.9858568654554328,0.0,0.4662456830897946,0.2438484284389485
sp500,20,43,0.9522616758858309,0.5298627246297882,0.0,0.45825169465128374,0.2531184124222806
sp500,20,44,1.1567765434022714,1.0828573685799674,0.0,0.4505232703447131,0.2417940263952032
sp500,20,45,1.1194506124639159,1.001147152360134,0.0,0.45162171186305994,0.24384366950460315
sp500,20,46,1.1631005388273097,0.9465372434494093,0.0,0.452627863122358,0.2413972493065652
sp500,20,47,0.6763521777523755,0.4838120629151848,0.0,0.45337247726254404,0.2684526455571051
sp500,20,48,1.057751944104938,0.9765952132159709,0.0,0.45216594835972285,0.24726402876256043
sp500,20,49,0.9280769583138281,0.9671484828469177,0.0,0.45355414167887104,0.2544518014681425
sp500,20,50,0.9062904642766246,0.9203469570399537,0.0,0.45256410001159475,0.25568009292938587
sp500,20,51,1.100423042884017,0.9727044798087251,0.0,0.45307619006220357,0.24487570284647098
sp500,20,52,1.1499242908707976,0.9664597074922129,0.0,0.4513669594036626,0.24215422489728466
sp500,20,53,1.116382076674155,0.9841227755115186,0.0,0.4524304482876238,0.24399843303723653
sp500,20,54,0.8828803593334781,0.7540770681796108,0.0,0.4509996932654202,0.2570238566764113
sp500,20,55,1.048379498684473,0.9831786450764926,0.0,0.4516271836349624,0.2477970213655781
sp500,20,56,1.1649579529938363,0.9832179140074232,0.0,0.4512963125020511,0.24131954654302806
sp500,20,57,1.0980979277190077,0.9526449161956095,0.0,0.4551047222016618,0.24498825879555622
sp500,20,58,1.110929770254032,0.9134826409464949,0.0,0.4544691900562494,0.24427766536990547
sp500,20,59,1.1419220422041148,1.0742688753967917,0.0,0.45563465237198336,0.24255173603232905
sp500,20,60,1.0185698270489736,0.9275355302108844,0.0,0.4534573044846424,0.24942167855334574
sp500,20,61,0.9223515866517191,0.5687748633044818,0.0,0.45595200034112854,0.2547573770521398
sp500,20,62,1.1102680613334934,1.0036516036130154,0.0,0.4511759078381406,0.24436485148342177
sp500,20,63,1.1287618694216688,0.8569872715449011,0.0,0.4516901797111072,0.24332426455893524
sp500,20,64,1.151923618194818,1.0036516036130154,0.0,0.4509851890740318,0.24205205775988567
sp500,20,65,1.1851274594525445,1.2288351535375062,0.0,0.45090422108106454,0.24020676893248646
sp500,20,66,1.168453384521488,1.001147152360134,0.0,0.451518427012207,0.2411201891555157
sp500,20,67,1.1015307875250244,1.0036516036130154,0.0,0.4510876520066007,0.2448531591489992
sp500,20,68,1.0215676010267132,0.9351918074356033,0.0,0.4675164783188767,0.24968285741662077
sp500,20,69,1.0668686677176922,0.9695284519934303,0.0,0.4525830900087821,0.24674923679017488
sp500,20,70,1.1273608615243194,1.0036516036130154,0.0,0.4512623717950076,0.24341184061833032
sp500,20,71,1.1021996636295663,0.9912284162038522,0.0,0.45289740103478443,0.244779508666396
sp500,20,72,1.1514355134951266,1.0641139814845597,0.0,0.45339890572090696,0.24203531752965646
sp500,20,73,1.172939853616101,1.0036516036130154,0.0,0.4529094601236836,0.24084596843300457
sp500,20,74,1.0487304208819457,0.912126674290419,0.0,0.45172068250875513,0.2477753431311799
sp500,20,75,1.1035083386257278,0.9871294605708385,0.0,0.45359449183738804,0.24469768286007434
sp500,20,76,1.0024471265042332,0.9547051703078699,0.0,0.45447666399739856,0.25030809977228907
sp500,20,77,1.0849176633070443,0.9950512432026941,0.0,0.4514066555754764,0.24576958265251106
sp500,20,78,1.1113065329696987,0.9824206441645217,0.0,0.452332786010974,0.2442824225658091
sp500,20,79,1.1224457109149908,1.0418372658133843,0.0,0.4523103688722025,0.24366335307726353
sp500,20,80,0.9907686211254987,0.9785002283447193,0.0,0.4513514769131855,0.2510091002739884
sp500,20,81,1.0840773475893,0.9377724982896493,0.0,0.4521670525978198,0.24579986155247183
sp500,20,82,1.0662954613975373,0.9950512432026941,0.0,0.4530190818155502,0.246774110746203
sp500,20,83,1.1439751350042904,0.9792722045780391,0.0,0.4509143345934177,0.24249605437086458
sp500,20,84,1.04333894028711,0.9871509053139739,0.0,0.4535335193979441,0.24804360907926473
sp500,20,85,1.1385590804919667,0.8874687156692644,0.0,0.4518441742323586,0.24277612949339883
sp500,20,86,1.0925709259491696,0.9542823021822637,0.0,0.4551459936269024,0.2452953890594282
sp500,20,87,1.1166360494977756,0.9829618202336069,0.0,0.4517119516658254,0.2439982702213013
sp500,20,88,1.0396652423285049,0.9403408326302065,0.0,0.45119383536027946,0.24829256745678516
sp500,20,89,1.045639938886536,0.9627875442930898,0.0,0.45134000967464893,0.24795639372993353
sp500,20,90,1.1400886888694504,1.0641139814845597,0.0,0.4524953237645058,0.24267901515680348
sp500,20,91,1.1593143230552403,0.9794824464160327,0.0,0.45314985448466005,0.2416003222027573
sp500,20,92,1.0494931337272186,0.8941356292402719,0.0,0.4541058092865668,0.24769558941741143
sp500,20,93,1.058702036310363,0.889280926638977,0.0,0.4524031838031958,0.24720662407938523
sp500,20,94,1.0049323906580772,0.9465917133812505,0.0,0.4553789475812406,0.2501665204339097
sp500,20,95,1.179502844512477,1.0036516036130154,0.0,0.45333009639232913,0.24047565913703842
sp500,20,96,1.0028283176926356,0.8862523115772503,0.0,0.45261419633861405,0.25031006030984143
sp500,20,97,1.2276812212203858,0.9935940039904734,0.0,0.45048154597400974,0.23784984503016668
sp500,20,98,0.8301983141313275,0.9553736457841981,0.0,0.45175904983937326,0.2599330638215145
sp500,20,99,0.6457687881177528,0.8168440109924252,0.0,0.47089365651895304,0.2712920112222676
sp500,20,100,1.169181500482996,0.9528341213599928,0.0,0.4505773301783655,0.24110231562839354
sp500,100,1,0.1902148654068955,0.02634515894295492,0.0,0.455700198925114,0.29545391727497106
sp500,100,2,0.11629091156232581,0.014611203517020128,0.0,0.4556182302261375,0.2995628077677951
sp500,100,3,0.15321349615304555,0.019723247305825285,0.0,0.45556624885228403,0.2975102634348534
sp500,100,4,0.19890358047571458,0.03211488319278116,0.0,0.4556125225756694,0.2949705976898371
sp500,100,5,0.09281037915377163,0.008788275500674745,0.0,0.45558650464554595,0.30086790652981915
sp500,100,6,0.19793537101981465,0.028945436362661867,0.0,0.4551893979900396,0.2950262422233726
sp500,100,7,0.20246858687184466,0.028945436362661867,0.0,0.45544769599452184,0.29477246822319725
sp500,100,8,0.03301039161494997,1.183422928952109e-14,0.0,0.4556166812716079,0.30419247398868066
sp500,100,9,0.1824158484796209,0.02954093831279719,0.0,0.45583646241156484,0.2958885327429596
sp500,100,10,0.18975587331894733,0.02634515894295492,0.0,0.45559333954456743,0.29547904667426433
sp500,100,11,0.19782540144318173,0.028945436362661867,0.0,0.45532512134629965,0.2950311534733555
sp500,100,12,0.14923461222081041,0.021914273420000758,0.0,0.45666499775817315,0.2977581105317483
sp500,100,13,0.13205002904517052,0.021297753218129323,0.0,0.4553018692448244,0.2986879572297612
sp500,100,14,0.157538691963812,0.02335997660887242,0.0,0.4565514345405505,0.29729026551708215
sp500,100,15,0.16310646128941483,0.019184238925754164,0.0,0.45557191577919376,0.2969603570966904
sp500,100,16,0.17603028705054163,0.03274095966125448,0.0,0.45561962313263715,0.296242068191948
sp500,100,17,0.14816979577115033,0.023059986732767605,0.0,0.457257271096865,0.29785328988532495
sp500,100,18,0.06875676025916666,0.007530275866557199,0.0,0.4553706859651533,0.30220613908227995
sp500,100,19,0.19822258364605844,0.028945436362661867,0.0,0.4559136592426977,0.29501059709975425
sp500,100,20,0.1696935835431699,0.023059986732767605,0.0,0.45548990756604857,0.2965942228711279
sp500,100,21,0.19995217003394053,0.028945436362661867,0.0,0.45534927018838084,0.2949127756541624
sp500,100,22,0.1870494079179045,0.02634515894295492,0.0,0.4553873576700748,0.2956298137581989
sp500,100,23,0.20427081714557382,0.028945436362661867,0.0,0.4555424016274113,0.2946721651410239
sp500,100,24,0.2016832338239063,0.028945436362661867,0.0,0.45630707096556117,0.29482518989074263
sp500,100,25,0.1643688783702757,0.023059986732767605,0.0,0.4573454542390372,0.2969525856899392
sp500,100,26,0.20470194130174316,0.028945436362661867,0.0,0.456075281857182,0.29465262187395325
sp500,100,27,0.1962685921495135,0.028945436362661867,0.0,0.45604693649149675,0.2951211162985476
sp500,100,28,0.20101896618243625,0.028945436362661867,0.0,0.4554390707627968,0.29485307324515725
sp500,100,29,0.17191464877688348,0.019723247305825285,0.0,0.4554735975668767,0.29647079482697203
sp500,100,30,0.19711417366102,0.028945436362661867,0.0,0.4560495904305339,0.2950741389344357
sp500,100,31,0.20084895900513894,0.028945436362661867,0.0,0.45589895517162266,0.294864408705986
sp500,100,32,0.15117570140064557,0.015551358031183965,0.0,0.45560719040599823,0.2976236204385657
sp500,100,33,0.09097203303027084,0.008658905940669709,0.0,0.45551105309485806,0.3009700358474514
sp500,100,34,0.18927826577220977,0.02634515894295492,0.0,0.45519505513502573,0.2955074806893026
sp500,100,35,0.1567308154593226,0.023059986732767605,0.0,0.4552863171438647,0.2973159905285278
sp500,100,36,0.17976882291881977,0.020780400630960226,0.0,0.45539312998786863,0.29603449939053383
sp500,100,37,0.1457431621364726,0.023059986732767605,0.0,0.45703943024380383,0.2979740602691968
sp500,100,38,0.19859044329607572,0.03157992425237136,0.0,0.45562016382677606,0.29498802293086607
sp500,100,39,0.17907063446399044,0.019723247305825285,0.0,0.45615440610213653,0.2960795987734778
sp500,100,40,0.14309061784502128,0.021020278441155324,0.0,0.45551881916501485,0.2980729462059535
sp500,100,41,0.20267339719974023,0.028945436362661867,0.0,0.45531973414599203,0.2947616905882372
sp500,100,42,0.0479755672846393,0.010067437420511105,0.0,0.455404202763462,0.3033611787047911
sp500,100,43,0.13307484457908295,0.015551358031183965,0.0,0.45575378536952055,0.2986307778221324
sp500,100,44,0.19306526760790352,0.028945436362661867,0.0,0.4553364741407443,0.2952956927123261
sp500,100,45,0.15529806879960506,0.021914273420000758,0.0,0.45534159282414605,0.29739514541842765
sp500,100,46,0.17884151451831382,0.023059986732767605,0.0,0.4552757889617909,0.2960868799393653
sp500,100,47,0.20160564017343868,0.028945436362661867,0.0,0.45562959904338884,0.29482044363538606
sp500,100,48,0.16593860099813357,0.015551358031183965,0.0,0.4552413660025,0.29680455871381856
sp500,100,49,0.18751323813166354,0.02634515894295492,0.0,0.4553479386803926,0.2956042535518144
sp500,100,50,0.19800312332940004,0.028945436362661867,0.0,0.4552530247420127,0.29502183971038365
sp500,100,51,0.20839774374369793,0.028945436362661867,0.0,0.45530673117199294,0.29444356342514844
sp500,100,52,0.19233090994645116,0.028945436362661867,0.0,0.45531104290498337,0.2953366921028432
sp500,100,53,0.14022566770641412,0.022497678117973485,0.0,0.45699688383755727,0.2982798513912202
sp500,100,54,0.18217179126050487,0.02634515894295492,0.0,0.45528601630727333,0.29590165056749784
sp500,100,55,0.17997801824566154,0.02614804775091998,0.0,0.45528589826124666,0.2960236083022867
sp500,100,56,0.18606320403239313,0.02634515894295492,0.0,0.4557853579153329,0.2956852900859471
sp500,100,57,0.14282337159874706,0.023059986732767605,0.0,0.4571228753259302,0.298143039382695
sp500,100,58,0.08210361621479814,0.008658905940669709,0.0,0.4554952962066078,0.30146304099642784
sp500,100,59,0.13781358572804914,0.022988709232898818,0.0,0.455573440213014,0.2983662981915647
sp500,100,60,0.1651091976425805,0.021914273420000758,0.0,0.456430860377887,0.29686414525210564
sp500,100,61,0.20112042136942962,0.028945436362661867,0.0,0.4555727928379292,0.2948473027105836
sp500,100,62,0.1759712042107808,0.015551358031183965,0.0,0.4552569867056851,0.29624663026247217
sp500,100,63,0.1782261734570192,0.023059986732767605,0.0,0.4554394217492684,0.2961200556795383
sp500,100,64,0.18721081915570884,0.02634515894295492,0.0,0.4558672046934481,0.29562228239026395
sp500,100,65,0.05317078672733025,0.00784035313008306,0.0,0.45578150658430683,0.3030747462784762
sp500,100,66,0.04741742603447903,0.009629810042766097,0.0,0.45689384097091285,0.30351535179271477
sp500,100,67,0.15377705735390818,0.023059986732767605,0.0,0.45595862522655156,0.29748252994988
sp500,100,68,0.09924896104024569,0.008788275500674745,0.0,0.455582031542515,0.30050999184435323
sp500,100,69,0.16348071369945433,0.021297753218129323,0.0,0.4554609622828909,0.2969396428386409
sp500,100,70,0.20820718292781765,0.028945436362661867,0.0,0.4561507992656452,0.2944590111119952
sp500,100,71,0.15883691500915073,0.023059986732767605,0.0,0.4564414316917222,0.29721377112482816
sp500,100,72,0.07669229905461533,0.010095455967454339,0.0,0.4563669411637124,0.3017919269299128
sp500,100,73,0.20065482674528945,0.028945436362661867,0.0,0.4555509862979463,0.2948731667438062
sp500,100,74,0.11287060430615452,0.009604406291723627,0.0,0.4559473371851683,0.2997574125374788
sp500,100,75,0.1845111505083039,0.02954093831279719,0.0,0.45544722828159456,0.29577066713589173
sp500,100,76,0.15503534740644814,0.018281464949248514,0.0,0.4554989508067598,0.2974090065468722
sp500,100,77,0.18621508213730792,0.02634515894295492,0.0,0.4557615304905707,0.2956766579578729
sp500,100,78,0.1500985951220345,0.019184238925754164,0.0,0.4562928339540465,0.2976952928795265
sp500,100,79,0.18673483387466921,0.02634515894295492,0.0,0.45536290195993395,0.29564743333246485
sp500,100,80,0.15272115140918194,0.015551358031183965,0.0,0.4558629561589196,0.2975397849416281
sp500,100,81,0.18576657774739452,0.023011182944236198,0.0,0.45626621637039927,0.295709692547055
sp500,100,82,0.1935222757763898,0.028945436362661867,0.0,0.45562525045835806,0.29526975987945586
sp500,100,83,0.1755109852873308,0.015551358031183965,0.0,0.4552729966700031,0.2962720602580782
sp500,100,84,0.1825066748053739,0.029001937278569135,0.0,0.4554682331048728,0.295882032434395
sp500,100,85,0.16702507058455604,0.015551358031183965,0.0,0.45536674172233793,0.2967430592653442
sp500,100,86,0.193289054650698,0.028945436362661867,0.0,0.4558268325869876,0.29528395468658
sp500,100,87,0.19676140663405714,0.028945436362661867,0.0,0.4553028974630076,0.29509045861143457
sp500,100,88,0.18603328241406977,0.02634515894295492,0.0,0.4554699729088051,0.29568599621909286
sp500,100,89,0.19853458202877883,0.03211488319278116,0.0,0.45639991458431906,0.2950027471371209
sp500,100,90,0.21436838615490997,0.028945436362661867,0.0,0.4555035721942608,0.2941108961304716
sp500,100,91,0.19064717170680337,0.02634515894295492,0.0,0.45575398443054177,0.2954302208228861
sp500,100,92,0.10092984337379475,0.010095455967454339,0.0,0.4557973110999196,0.3004185890722071
sp500,100,93,0.1540369075689484,0.023059986732767605,0.0,0.45627175270440357,0.2974754338173275
sp500,100,94,0.09736610403607954,0.008658905940669709,0.0,0.45535935695946,0.3006156085797336
sp500,100,95,0.17925954715845896,0.019723247305825285,0.0,0.4555993080827125,0.29606251269388945
sp500,100,96,0.1228879766982009,0.015551358031183965,0.0,0.45565235974235546,0.2991962627259232
sp500,100,97,0.20473150394582357,0.028945436362661867,0.0,0.45552022589162405,0.29464656145186174
sp500,100,98,0.03704210318896651,0.008222488429892087,0.0,0.4552043851464098,0.3039771580793499
sp500,100,99,0.1803797736248579,0.02634515894295492,0.0,0.455684775394016,0.29600055331263925
sp500,100,100,0.12137773896792986,0.018281464949248514,0.0,0.4558247844322189,0.29928200331398375
